10,10,66
1.721663e-01,3.345446e-02,7.138808e-02,2.114380e-01,2.254663e-01,2.115027e-01,2.062789e-01,2.207152e-01,2.431953e-01,2.764139e-01,2.955259e-01,3.055719e-01,3.130488e-01,3.109889e-01,2.927446e-01,2.749521e-01,2.526076e-01,2.357053e-01,2.229762e-01,2.149840e-01,2.479584e-01,2.951860e-01,3.389337e-01,3.588292e-01,1.882207e-01,1.806109e-01,1.869870e-01,2.110027e-01,1.952988e-01,2.128367e-01,2.829383e-01,3.071247e-01,3.079590e-01,2.911524e-01,2.850409e-01,2.824630e-01,2.634599e-01,2.654085e-01,2.614996e-01,2.591413e-01,2.839725e-01,2.926140e-01,2.865864e-01,3.034652e-01,-2.479705e-02,3.260187e-01,8.460812e-01,1.046671e+00,9.782083e-01,9.646593e-01,8.108216e-01,6.666444e-01,3.341263e-01,-1.377984e-01,-1.470017e-01,-8.468425e-02,-8.633696e-02,-8.272065e-02,1.183150e-01,6.617798e-01,6.735821e-01,6.220370e-01,5.583690e-01,5.746204e-01,-1.376477e-01,-1.772235e-01,
-2.031391e-02,1.600496e-03,-7.747002e-03,-5.253024e-03,4.286506e-02,4.112638e-02,3.965620e-02,3.914312e-02,3.904778e-02,4.249821e-02,4.398162e-02,4.365891e-02,4.441387e-02,4.230693e-02,3.987675e-02,4.137035e-02,4.248251e-02,4.453079e-02,4.555477e-02,4.393954e-02,4.793516e-02,5.020863e-02,4.570766e-02,3.914142e-02,5.452487e-02,5.422863e-02,5.171750e-02,4.704894e-02,3.564218e-02,2.721881e-02,3.956616e-02,4.485519e-02,4.709238e-02,3.979904e-02,4.055093e-02,4.596639e-02,4.685469e-02,4.861690e-02,5.149444e-02,5.314020e-02,5.600792e-02,4.492569e-02,4.011170e-02,3.583452e-02,-3.719830e-02,3.582368e-02,1.237876e-01,1.731147e-01,1.598192e-01,1.602749e-01,1.395908e-01,1.190142e-01,4.359133e-02,-3.885587e-02,-3.541069e-02,-1.184431e-02,-4.510918e-03,-4.375203e-03,2.771550e-02,1.180012e-01,1.158018e-01,9.872879e-02,8.555233e-02,8.557520e-02,-3.779576e-03,-7.220510e-02,
-8.372590e-02,2.278156e-02,-3.667417e-02,-1.061447e-01,2.405077e-02,2.577264e-02,2.468682e-02,1.482950e-02,5.942064e-03,6.586906e-03,8.702418e-03,8.276533e-03,6.303853e-03,-4.830638e-03,-8.007035e-03,-2.848573e-03,-1.343622e-03,1.353558e-03,4.568127e-03,2.700047e-03,9.661801e-03,1.096072e-02,-4.669132e-03,-1.873269e-02,5.800235e-02,6.381037e-02,6.320666e-02,4.294526e-02,1.051055e-02,-1.141039e-02,4.161895e-03,7.098080e-03,1.596330e-02,2.506310e-03,2.840851e-03,1.244667e-02,1.477836e-02,1.475551e-02,1.354822e-02,4.867502e-03,1.357304e-02,-1.994727e-03,-1.417061e-02,-3.027019e-02,-9.816667e-02,-2.281941e-02,-1.154638e-02,4.313441e-02,5.180054e-02,4.949552e-02,5.574585e-02,5.567399e-02,-3.256965e-02,-6.568661e-02,-7.327586e-02,-4.865663e-02,-2.060125e-02,-2.088564e-02,-1.512315e-02,3.557306e-02,4.707244e-02,1.607769e-02,-1.080558e-03,-7.774794e-03,4.732767e-02,-1.356946e-01,
-5.361696e-02,1.379675e-01,-1.620965e-04,-1.093966e-01,5.518996e-02,6.002517e-02,6.368738e-02,5.995392e-02,6.044485e-02,7.638204e-02,8.541008e-02,8.348521e-02,7.641047e-02,5.158722e-02,2.972547e-02,1.406359e-02,-7.357410e-03,-1.818358e-02,-1.567871e-02,-1.362274e-02,1.738548e-02,5.061031e-02,6.575324e-02,7.198958e-02,9.623800e-02,1.069649e-01,1.084131e-01,9.957426e-02,5.563787e-02,3.044935e-02,6.112982e-02,6.363620e-02,6.963659e-02,4.326022e-02,3.612097e-02,4.261387e-02,2.713100e-02,2.429013e-02,2.043594e-02,1.411001e-02,4.337163e-02,5.167525e-02,4.438508e-02,2.893251e-02,-1.472120e-01,3.191088e-02,1.500983e-01,2.607101e-01,2.787532e-01,2.499999e-01,2.291489e-01,1.940517e-01,7.494361e-03,-1.267778e-01,-1.653974e-01,-1.374666e-01,-9.860479e-02,-8.918593e-02,-1.808558e-02,1.651637e-01,1.971820e-01,1.457688e-01,9.692521e-02,9.310294e-02,7.350517e-02,-2.438400e-01,
9.893435e-02,2.152096e-01,7.167726e-02,-2.215104e-02,9.732105e-02,9.453521e-02,1.007155e-01,1.205926e-01,1.516112e-01,1.986684e-01,2.175216e-01,2.190476e-01,2.178764e-01,1.939948e-01,1.513113e-01,1.045582e-01,5.114808e-02,2.081199e-02,1.707870e-02,1.812117e-02,7.262585e-02,1.496015e-01,2.188519e-01,2.582206e-01,1.436734e-01,1.417066e-01,1.364807e-01,1.688128e-01,1.282846e-01,1.177265e-01,1.869635e-01,2.018482e-01,2.086362e-01,1.732729e-01,1.573293e-01,1.557742e-01,1.108631e-01,1.136091e-01,1.115817e-01,1.172663e-01,1.595747e-01,1.905617e-01,1.953790e-01,1.943429e-01,-1.432830e-01,1.831101e-01,5.950980e-01,7.972973e-01,7.845672e-01,7.232793e-01,6.192522e-01,5.085404e-01,1.936045e-01,-1.685611e-01,-2.368029e-01,-1.932643e-01,-1.754706e-01,-1.497272e-01,3.673424e-02,4.620065e-01,4.927281e-01,4.253246e-01,3.404017e-01,3.648612e-01,2.492451e-03,-3.078215e-01,
3.150217e-01,2.525332e-01,1.593167e-01,1.955908e-01,2.521431e-01,2.347338e-01,2.352837e-01,2.737171e-01,3.318963e-01,4.105137e-01,4.463450e-01,4.595471e-01,4.688919e-01,4.548704e-01,4.065819e-01,3.507191e-01,2.821325e-01,2.344335e-01,2.124326e-01,2.030205e-01,2.762946e-01,3.892401e-01,4.996746e-01,5.612962e-01,2.537052e-01,2.396417e-01,2.395104e-01,2.990974e-01,2.647822e-01,2.950405e-01,4.289823e-01,4.585492e-01,4.599672e-01,4.176782e-01,3.990558e-01,3.953924e-01,3.441783e-01,3.522195e-01,3.473084e-01,3.471407e-01,4.025195e-01,4.498223e-01,4.628411e-01,4.901537e-01,-8.111365e-02,4.995155e-01,1.352288e+00,1.687209e+00,1.602585e+00,1.545551e+00,1.290826e+00,1.059681e+00,5.100068e-01,-2.310260e-01,-2.820630e-01,-1.906058e-01,-2.030309e-01,-1.738814e-01,1.665390e-01,1.032110e+00,1.063822e+00,9.632175e-01,8.357159e-01,8.822240e-01,-1.538481e-01,-3.706843e-01,
5.065558e-01,2.740156e-01,2.435054e-01,5.771289e-01,5.824922e-01,5.485004e-01,5.343437e-01,5.761543e-01,6.479164e-01,7.517682e-01,8.077941e-01,8.318706e-01,8.475592e-01,8.395562e-01,7.903129e-01,7.401291e-01,6.681553e-01,6.110874e-01,5.688504e-01,5.462160e-01,6.408415e-01,7.818604e-01,9.136894e-01,9.869421e-01,4.935273e-01,4.759023e-01,4.818582e-01,5.322617e-01,5.061928e-01,5.790997e-01,7.661571e-01,8.156900e-01,8.114124e-01,7.551367e-01,7.443630e-01,7.545744e-01,7.115787e-01,7.110091e-01,7.048800e-01,7.021654e-01,7.757630e-01,8.222672e-01,8.387273e-01,8.877098e-01,-2.972110e-02,9.527151e-01,2.351533e+00,2.887044e+00,2.729154e+00,2.689599e+00,2.250834e+00,1.857643e+00,9.269081e-01,-3.429043e-01,-3.336735e-01,-1.797864e-01,-1.981644e-01,-1.871986e-01,3.612243e-01,1.873092e+00,1.909454e+00,1.744871e+00,1.582324e+00,1.628770e+00,-3.312613e-01,-4.953505e-01,
6.530795e-01,2.891218e-01,3.569477e-01,1.079260e+00,1.012073e+00,9.656701e-01,9.356960e-01,9.724775e-01,1.044580e+00,1.160145e+00,1.225829e+00,1.251267e+00,1.270661e+00,1.268541e+00,1.220424e+00,1.181914e+00,1.112385e+00,1.058119e+00,1.007020e+00,9.698800e-01,1.078639e+00,1.231435e+00,1.364350e+00,1.438469e+00,8.352372e-01,8.205624e-01,8.229081e-01,8.493954e-01,8.375095e-01,9.300887e-01,1.121811e+00,1.186721e+00,1.181376e+00,1.109774e+00,1.114176e+00,1.150669e+00,1.119548e+00,1.106412e+00,1.108489e+00,1.117952e+00,1.204398e+00,1.241415e+00,1.247168e+00,1.297256e+00,7.929834e-03,1.455788e+00,3.425869e+00,4.179735e+00,3.978960e+00,3.923910e+00,3.306496e+00,2.753494e+00,1.383165e+00,-4.603433e-01,-3.717444e-01,-1.716154e-01,-1.567993e-01,-1.768753e-01,5.973969e-01,2.822433e+00,2.836290e+00,2.594625e+00,2.412452e+00,2.450496e+00,-5.297668e-01,-6.224391e-01,
7.544126e-01,2.901922e-01,4.588291e-01,1.515785e+00,1.380722e+00,1.327880e+00,1.288779e+00,1.321862e+00,1.387961e+00,1.503595e+00,1.570208e+00,1.592608e+00,1.615680e+00,1.620665e+00,1.573639e+00,1.546395e+00,1.481900e+00,1.435770e+00,1.384580e+00,1.335457e+00,1.448030e+00,1.601195e+00,1.725343e+00,1.793895e+00,1.142002e+00,1.132829e+00,1.132889e+00,1.143656e+00,1.148304e+00,1.242008e+00,1.408782e+00,1.480041e+00,1.476513e+00,1.396477e+00,1.412766e+00,1.472166e+00,1.452483e+00,1.431540e+00,1.444090e+00,1.466036e+00,1.557750e+00,1.588063e+00,1.576962e+00,1.617528e+00,3.540740e-02,1.858481e+00,4.284996e+00,5.195918e+00,4.983298e+00,4.891389e+00,4.137235e+00,3.474758e+00,1.751909e+00,-5.516378e-01,-3.927820e-01,-1.769443e-01,-1.103834e-01,-1.520109e-01,7.985964e-01,3.591569e+00,3.571822e+00,3.271258e+00,3.079404e+00,3.106926e+00,-7.095633e-01,-7.122829e-01,
7.920263e-01,2.867326e-01,4.989810e-01,1.689118e+00,1.525843e+00,1.471204e+00,1.429585e+00,1.461656e+00,1.524359e+00,1.638239e+00,1.704205e+00,1.724988e+00,1.749772e+00,1.758133e+00,1.711466e+00,1.688899e+00,1.627035e+00,1.585002e+00,1.534879e+00,1.481313e+00,1.593911e+00,1.745880e+00,1.865202e+00,1.930553e+00,1.264261e+00,1.257607e+00,1.257767e+00,1.263962e+00,1.275998e+00,1.367795e+00,1.520522e+00,1.593049e+00,1.590620e+00,1.508350e+00,1.528926e+00,1.597169e+00,1.582524e+00,1.559268e+00,1.576292e+00,1.602946e+00,1.695749e+00,1.724085e+00,1.705576e+00,1.740818e+00,4.677827e-02,2.014284e+00,4.618312e+00,5.584760e+00,5.370512e+00,5.261008e+00,4.454372e+00,3.753290e+00,1.895703e+00,-5.870052e-01,-3.992588e-01,-1.816858e-01,-9.073810e-02,-1.389772e-01,8.787177e-01,3.889486e+00,3.854829e+00,3.532506e+00,3.337666e+00,3.360111e+00,-7.826181e-01,-7.465041e-01,
9.884827e-02,-9.897339e-02,1.811652e-02,1.264318e-01,1.410926e-01,1.287206e-01,1.254484e-01,1.331709e-01,1.421012e-01,1.576320e-01,1.704402e-01,1.817008e-01,1.900670e-01,1.893726e-01,1.763277e-01,1.634768e-01,1.514732e-01,1.424169e-01,1.358313e-01,1.307453e-01,1.497470e-01,1.749695e-01,2.010862e-01,2.092807e-01,1.085136e-01,1.017903e-01,1.146345e-01,1.412080e-01,1.187236e-01,1.165539e-01,1.704197e-01,1.999494e-01,2.036583e-01,2.013849e-01,1.916776e-01,1.729301e-01,1.489048e-01,1.538431e-01,1.466149e-01,1.388411e-01,1.482468e-01,1.432030e-01,1.252850e-01,1.391757e-01,-3.860548e-02,1.529553e-01,4.770734e-01,6.022562e-01,5.461438e-01,5.420362e-01,4.649130e-01,3.721140e-01,1.908694e-01,-1.010115e-01,-1.366867e-01,-9.590637e-02,-9.141408e-02,-8.962175e-02,3.256132e-02,3.389869e-01,3.483971e-01,3.372668e-01,2.892159e-01,2.979429e-01,-1.206550e-01,-1.031198e-01,
-2.588498e-02,-1.664149e-02,-1.375196e-02,-1.604319e-02,2.885089e-02,2.717251e-02,2.609688e-02,2.520980e-02,2.393539e-02,2.551517e-02,2.647635e-02,2.662423e-02,2.761109e-02,2.580385e-02,2.379542e-02,2.524357e-02,2.711253e-02,2.959441e-02,3.109188e-02,2.998353e-02,3.243601e-02,3.259075e-02,2.728440e-02,2.026598e-02,3.998464e-02,3.956251e-02,3.828115e-02,3.526957e-02,2.334345e-02,1.319799e-02,2.439922e-02,3.073848e-02,3.310927e-02,2.814147e-02,2.798708e-02,3.028181e-02,2.976670e-02,3.204563e-02,3.418060e-02,3.498833e-02,3.584313e-02,2.393896e-02,1.812945e-02,1.449057e-02,-3.675692e-02,1.235246e-02,7.446720e-02,1.124313e-01,9.993086e-02,1.019314e-01,9.132065e-02,7.693892e-02,2.478051e-02,-3.276488e-02,-3.426086e-02,-1.401484e-02,-7.285749e-03,-7.056507e-03,1.479726e-02,7.169122e-02,6.978943e-02,5.943357e-02,4.795435e-02,4.746839e-02,-2.726108e-03,-5.960845e-02,
-8.265310e-02,1.717026e-02,-3.734736e-02,-1.038677e-01,2.124611e-02,2.269162e-02,2.151505e-02,1.217698e-02,3.625425e-03,3.909601e-03,5.609229e-03,5.121442e-03,3.467483e-03,-6.694904e-03,-9.333200e-03,-3.881733e-03,-1.695244e-03,1.457462e-03,4.715237e-03,2.854812e-03,8.738152e-03,8.920301e-03,-7.198531e-03,-2.165672e-02,5.495377e-02,6.004988e-02,5.904727e-02,3.960708e-02,8.767957e-03,-1.264067e-02,2.143012e-03,5.142062e-03,1.364766e-02,9.871582e-04,1.554090e-03,1.092903e-02,1.348679e-02,1.378493e-02,1.301855e-02,5.015553e-03,1.251127e-02,-3.878019e-03,-1.572743e-02,-3.131701e-02,-9.399741e-02,-2.488917e-02,-1.516457e-02,3.653789e-02,4.386601e-02,4.249707e-02,4.897389e-02,4.980487e-02,-3.201465e-02,-6.162521e-02,-6.796523e-02,-4.372761e-02,-1.750444e-02,-1.768434e-02,-1.361816e-02,3.060620e-02,4.041262e-02,1.126329e-02,-4.572801e-03,-1.083164e-02,4.464210e-02,-1.281388e-01,
-6.046249e-02,1.287252e-01,-4.509765e-03,-1.114825e-01,5.333859e-02,5.822938e-02,6.139100e-02,5.610256e-02,5.465423e-02,6.850906e-02,7.688306e-02,7.507475e-02,6.815585e-02,4.412950e-02,2.444741e-02,1.158394e-02,-7.086460e-03,-1.636412e-02,-1.372109e-02,-1.207779e-02,1.659945e-02,4.620279e-02,5.727022e-02,6.093554e-02,9.331210e-02,1.043474e-01,1.060109e-01,9.446367e-02,5.065333e-02,2.530430e-02,5.409497e-02,5.625040e-02,6.263515e-02,3.728304e-02,3.100256e-02,3.818378e-02,2.528952e-02,2.243834e-02,1.851434e-02,1.116947e-02,3.881954e-02,4.488227e-02,3.663954e-02,2.055939e-02,-1.441054e-01,2.528194e-02,1.270927e-01,2.317913e-01,2.501430e-01,2.245178e-01,2.079225e-01,1.772752e-01,-6.068481e-04,-1.219141e-01,-1.573331e-01,-1.295852e-01,-9.031507e-02,-8.248828e-02,-1.942005e-02,1.496269e-01,1.806650e-01,1.305778e-01,8.486705e-02,7.979447e-02,7.403824e-02,-2.359757e-01,
7.923809e-02,2.098297e-01,6.284374e-02,-3.645605e-02,9.003946e-02,8.845094e-02,9.474274e-02,1.122805e-01,1.401564e-01,1.839598e-01,2.016439e-01,2.024205e-01,2.002068e-01,1.754724e-01,1.340110e-01,8.945020e-02,3.857765e-02,1.011425e-02,7.507852e-03,9.198259e-03,6.182153e-02,1.348498e-01,1.990197e-01,2.354247e-01,1.373736e-01,1.370380e-01,1.323740e-01,1.606363e-01,1.195755e-01,1.063014e-01,1.703219e-01,1.837242e-01,1.904301e-01,1.557054e-01,1.403640e-01,1.394024e-01,9.650884e-02,9.834719e-02,9.625946e-02,1.014421e-01,1.428202e-01,1.717839e-01,1.755746e-01,1.724538e-01,-1.476570e-01,1.608139e-01,5.366898e-01,7.283456e-01,7.210386e-01,6.616335e-01,5.689123e-01,4.675974e-01,1.684925e-01,-1.650718e-01,-2.320196e-01,-1.915887e-01,-1.706374e-01,-1.459890e-01,2.775653e-02,4.217262e-01,4.531715e-01,3.877136e-01,3.065266e-01,3.277028e-01,1.468777e-02,-3.034436e-01,
2.884926e-01,2.492624e-01,1.495690e-01,1.607816e-01,2.234775e-01,2.080776e-01,2.098317e-01,2.467072e-01,3.021717e-01,3.770918e-01,4.103229e-01,4.218218e-01,4.300363e-01,4.149753e-01,3.670220e-01,3.112412e-01,2.436772e-01,1.978719e-01,1.786130e-01,1.707191e-01,2.414771e-01,3.502563e-01,4.566379e-01,5.161600e-01,2.340089e-01,2.208851e-01,2.193780e-01,2.775469e-01,2.424048e-01,2.668066e-01,3.922854e-01,4.197917e-01,4.221877e-01,3.810360e-01,3.623228e-01,3.583030e-01,3.067464e-01,3.148899e-01,3.105457e-01,3.116109e-01,3.648784e-01,4.109511e-01,4.230756e-01,4.466411e-01,-8.875441e-02,4.522489e-01,1.243908e+00,1.558976e+00,1.484039e+00,1.424636e+00,1.191275e+00,9.775400e-01,4.652436e-01,-2.199327e-01,-2.758745e-01,-1.915923e-01,-2.011488e-01,-1.714651e-01,1.469945e-01,9.457063e-01,9.763258e-01,8.814223e-01,7.592349e-01,8.044622e-01,-1.329108e-01,-3.593513e-01,
4.787578e-01,2.708052e-01,2.278236e-01,5.037147e-01,5.188058e-01,4.873580e-01,4.759755e-01,5.181767e-01,5.887485e-01,6.892937e-01,7.425732e-01,7.655146e-01,7.804748e-01,7.716551e-01,7.223662e-01,6.706814e-01,5.987906e-01,5.423723e-01,5.027975e-01,4.824153e-01,5.737652e-01,7.112284e-01,8.410583e-01,9.131294e-01,4.453550e-01,4.278511e-01,4.337361e-01,4.875280e-01,4.598112e-01,5.270671e-01,7.084637e-01,7.547163e-01,7.510312e-01,6.974471e-01,6.845852e-01,6.912893e-01,6.465666e-01,6.480320e-01,6.414404e-01,6.378997e-01,7.087125e-01,7.563852e-01,7.730884e-01,8.199773e-01,-3.693318e-02,8.724556e-01,2.178238e+00,2.677637e+00,2.530238e+00,2.489375e+00,2.080914e+00,1.715488e+00,8.539535e-01,-3.233567e-01,-3.258558e-01,-1.818881e-01,-2.018084e-01,-1.863616e-01,3.255077e-01,1.723106e+00,1.760244e+00,1.607813e+00,1.449790e+00,1.497085e+00,-3.012471e-01,-4.730258e-01,
6.221457e-01,2.866801e-01,3.289362e-01,9.584178e-01,9.093757e-01,8.653482e-01,8.386493e-01,8.766971e-01,9.496212e-01,1.063745e+00,1.128209e+00,1.154015e+00,1.172544e+00,1.168830e+00,1.120391e+00,1.078916e+00,1.008421e+00,9.526404e-01,9.025513e-01,8.688338e-01,9.753236e-01,1.126762e+00,1.260868e+00,1.335678e+00,7.514800e-01,7.356404e-01,7.390329e-01,7.708902e-01,7.550868e-01,8.452428e-01,1.040035e+00,1.102200e+00,1.096733e+00,1.028258e+00,1.029082e+00,1.059139e+00,1.025097e+00,1.014655e+00,1.014204e+00,1.020226e+00,1.104382e+00,1.143626e+00,1.153119e+00,1.204481e+00,-2.969926e-05,1.340035e+00,3.179364e+00,3.884813e+00,3.690639e+00,3.642648e+00,3.065203e+00,2.546646e+00,1.277972e+00,-4.338754e-01,-3.643601e-01,-1.722281e-01,-1.684760e-01,-1.814706e-01,5.413627e-01,2.602576e+00,2.623990e+00,2.399878e+00,2.221253e+00,2.261660e+00,-4.815973e-01,-5.951657e-01,
7.189512e-01,2.913211e-01,4.218155e-01,1.357043e+00,1.247111e+00,1.196270e+00,1.160012e+00,1.194253e+00,1.263006e+00,1.379434e+00,1.446214e+00,1.469939e+00,1.491560e+00,1.493718e+00,1.446321e+00,1.414890e+00,1.348299e+00,1.298807e+00,1.247123e+00,1.202260e+00,1.314140e+00,1.467829e+00,1.595817e+00,1.666860e+00,1.029994e+00,1.018646e+00,1.019166e+00,1.034951e+00,1.033199e+00,1.127635e+00,1.305530e+00,1.375047e+00,1.370656e+00,1.293197e+00,1.305354e+00,1.356515e+00,1.332483e+00,1.314038e+00,1.322609e+00,1.340093e+00,1.430364e+00,1.462841e+00,1.458291e+00,1.503056e+00,2.539627e-02,1.714179e+00,3.976734e+00,4.833542e+00,4.623570e+00,4.546665e+00,3.841237e+00,3.216252e+00,1.619242e+00,-5.189658e-01,-3.859964e-01,-1.737559e-01,-1.278446e-01,-1.624271e-01,7.254698e-01,3.315502e+00,3.308822e+00,3.028938e+00,2.840165e+00,2.871890e+00,-6.432492e-01,-6.806038e-01,
7.544126e-01,2.901922e-01,4.588291e-01,1.515785e+00,1.380722e+00,1.327880e+00,1.288779e+00,1.321862e+00,1.387961e+00,1.503595e+00,1.570208e+00,1.592608e+00,1.615680e+00,1.620665e+00,1.573639e+00,1.546395e+00,1.481900e+00,1.435770e+00,1.384580e+00,1.335457e+00,1.448030e+00,1.601195e+00,1.725343e+00,1.793895e+00,1.142002e+00,1.132829e+00,1.132889e+00,1.143656e+00,1.148304e+00,1.242008e+00,1.408782e+00,1.480041e+00,1.476513e+00,1.396477e+00,1.412766e+00,1.472166e+00,1.452483e+00,1.431540e+00,1.444090e+00,1.466036e+00,1.557750e+00,1.588063e+00,1.576962e+00,1.617528e+00,3.540740e-02,1.858481e+00,4.284996e+00,5.195918e+00,4.983298e+00,4.891389e+00,4.137235e+00,3.474758e+00,1.751909e+00,-5.516378e-01,-3.927820e-01,-1.769443e-01,-1.103834e-01,-1.520109e-01,7.985964e-01,3.591569e+00,3.571822e+00,3.271258e+00,3.079404e+00,3.106926e+00,-7.095633e-01,-7.122829e-01,
3.009297e-02,-2.953981e-01,-2.828624e-02,8.895666e-02,5.702938e-02,4.223132e-02,3.604509e-02,2.957629e-02,2.052812e-02,2.139969e-02,3.748751e-02,5.746384e-02,6.685864e-02,6.549594e-02,5.955621e-02,5.447966e-02,4.994675e-02,4.133493e-02,3.164522e-02,2.583296e-02,2.919058e-02,2.815445e-02,3.873477e-02,4.672892e-02,1.599507e-02,1.275017e-02,3.204435e-02,4.847515e-02,1.260273e-02,-9.212462e-03,4.322801e-02,9.944942e-02,1.016986e-01,1.166027e-01,1.033045e-01,5.642823e-02,1.738322e-02,2.294547e-02,1.129291e-02,-8.269345e-03,-2.856265e-02,-5.165297e-02,-6.672413e-02,-4.576611e-02,-5.258438e-02,-1.747531e-02,1.054504e-01,1.568767e-01,1.170917e-01,1.460647e-01,1.625935e-01,9.620947e-02,5.721472e-02,-5.819178e-02,-1.192913e-01,-1.098694e-01,-9.803317e-02,-1.135676e-01,-6.668002e-02,1.392397e-02,2.251029e-02,6.597250e-02,3.695843e-02,2.528505e-02,-1.462055e-01,-6.302311e-02,
-2.578240e-02,-6.473392e-02,-1.850554e-02,-1.045594e-02,1.337902e-02,1.038709e-02,8.661365e-03,5.817194e-03,2.073882e-03,1.916920e-03,4.842585e-03,8.010231e-03,9.691389e-03,8.094567e-03,6.818175e-03,8.218027e-03,9.985412e-03,1.086635e-02,1.048956e-02,9.123359e-03,9.350934e-03,6.199274e-03,1.782884e-03,-2.214666e-03,1.730334e-02,1.708449e-02,1.844906e-02,1.651822e-02,2.493932e-03,-9.582580e-03,4.461267e-03,1.852519e-02,1.999786e-02,1.971763e-02,1.776066e-02,1.124190e-02,5.167468e-03,7.689107e-03,7.943485e-03,5.651748e-03,2.299254e-04,-1.312484e-02,-1.749803e-02,-1.679189e-02,-3.381754e-02,-1.532242e-02,1.723664e-02,4.080617e-02,2.881365e-02,3.830296e-02,4.418797e-02,2.977906e-02,6.602048e-03,-2.383640e-02,-3.389399e-02,-2.112153e-02,-1.503577e-02,-1.859543e-02,-7.133790e-03,1.239085e-02,1.154446e-02,1.556610e-02,6.419659e-03,2.327911e-03,-1.838841e-02,-4.744938e-02,
-7.787514e-02,4.311085e-03,-3.743824e-02,-9.523900e-02,1.360860e-02,1.440090e-02,1.316515e-02,5.637384e-03,-1.629061e-03,-2.073437e-03,-1.455957e-03,-2.222211e-03,-3.145532e-03,-1.071563e-02,-1.223719e-02,-6.559697e-03,-2.961128e-03,1.162555e-03,4.529663e-03,2.902585e-03,6.189931e-03,3.896423e-03,-1.252926e-02,-2.730486e-02,4.600895e-02,4.922041e-02,4.713077e-02,3.066732e-02,4.723135e-03,-1.501556e-02,-2.568917e-03,5.487323e-04,7.641404e-03,-2.841202e-03,-1.828837e-03,6.610210e-03,9.450186e-03,1.063108e-02,1.118428e-02,5.550981e-03,9.925474e-03,-7.806844e-03,-1.825439e-02,-3.201254e-02,-8.125502e-02,-2.914397e-02,-2.173523e-02,2.159912e-02,2.498496e-02,2.586350e-02,3.245899e-02,3.489074e-02,-2.897346e-02,-5.012634e-02,-5.357422e-02,-3.058576e-02,-9.894103e-03,-9.629325e-03,-8.716969e-03,1.892093e-02,2.415469e-02,5.866965e-04,-1.203095e-02,-1.696365e-02,3.742679e-02,-1.070673e-01,
-7.517720e-02,9.954242e-02,-1.619314e-02,-1.145569e-01,4.759308e-02,5.215624e-02,5.382835e-02,4.496531e-02,3.899110e-02,4.758100e-02,5.415556e-02,5.287408e-02,4.692148e-02,2.581676e-02,1.211535e-02,6.597618e-03,-4.714389e-03,-9.796308e-03,-6.904284e-03,-6.591744e-03,1.534381e-02,3.511601e-02,3.557331e-02,3.247750e-02,8.480681e-02,9.586460e-02,9.770561e-02,7.986606e-02,3.716857e-02,1.194019e-02,3.609996e-02,3.791963e-02,4.571673e-02,2.353111e-02,1.959326e-02,2.843917e-02,2.214869e-02,1.960192e-02,1.575238e-02,6.162156e-03,2.876527e-02,2.812265e-02,1.750358e-02,1.423956e-04,-1.336089e-01,8.707059e-03,7.085354e-02,1.597642e-01,1.776059e-01,1.603375e-01,1.540971e-01,1.349217e-01,-1.832699e-02,-1.069448e-01,-1.333392e-01,-1.060371e-01,-6.692385e-02,-6.320208e-02,-2.138895e-02,1.098567e-01,1.370039e-01,9.109099e-02,5.445529e-02,4.697514e-02,7.161546e-02,-2.110818e-01,
2.681849e-02,1.919814e-01,3.921165e-02,-7.070733e-02,7.404467e-02,7.550361e-02,8.167158e-02,9.223270e-02,1.108886e-01,1.452986e-01,1.599050e-01,1.589972e-01,1.541341e-01,1.276793e-01,9.090084e-02,5.411734e-02,1.165551e-02,-1.127653e-02,-1.134623e-02,-8.419941e-03,3.829301e-02,9.929364e-02,1.480185e-01,1.751523e-01,1.216646e-01,1.259196e-01,1.234704e-01,1.395087e-01,9.704771e-02,7.760912e-02,1.283029e-01,1.373760e-01,1.433919e-01,1.107690e-01,9.754208e-02,9.860295e-02,6.304973e-02,6.254541e-02,5.998621e-02,6.243428e-02,1.009178e-01,1.238971e-01,1.243936e-01,1.161769e-01,-1.555361e-01,1.061296e-01,3.858525e-01,5.487387e-01,5.542559e-01,5.025172e-01,4.383361e-01,3.617351e-01,1.034484e-01,-1.552508e-01,-2.157835e-01,-1.822549e-01,-1.531978e-01,-1.324225e-01,6.258498e-03,3.201334e-01,3.534726e-01,2.928636e-01,2.219399e-01,2.336339e-01,4.402702e-02,-2.892822e-01,
2.118081e-01,2.382712e-01,1.200677e-01,7.519914e-02,1.578228e-01,1.478251e-01,1.521438e-01,1.833010e-01,2.299726e-01,2.940630e-01,3.206066e-01,3.275129e-01,3.321684e-01,3.137263e-01,2.670712e-01,2.128979e-01,1.493441e-01,1.093920e-01,9.737501e-02,9.354469e-02,1.576066e-01,2.542098e-01,3.475488e-01,4.002564e-01,1.887876e-01,1.791554e-01,1.743908e-01,2.251835e-01,1.877833e-01,1.963684e-01,2.979178e-01,3.202233e-01,3.252377e-01,2.866879e-01,2.684865e-01,2.646599e-01,2.135846e-01,2.206410e-01,2.177553e-01,2.221112e-01,2.701463e-01,3.112209e-01,3.206817e-01,3.335280e-01,-1.115716e-01,3.304041e-01,9.586103e-01,1.223507e+00,1.175418e+00,1.111552e+00,9.352289e-01,7.668674e-01,3.470709e-01,-1.937981e-01,-2.596644e-01,-1.940674e-01,-1.937303e-01,-1.642178e-01,9.687525e-02,7.252434e-01,7.540928e-01,6.726976e-01,5.658961e-01,6.052208e-01,-7.508038e-02,-3.337121e-01,
3.962465e-01,2.616665e-01,1.899301e-01,3.250495e-01,3.630928e-01,3.390295e-01,3.346639e-01,3.762879e-01,4.416397e-01,5.314344e-01,5.758635e-01,5.942902e-01,6.067235e-01,5.954797e-01,5.464463e-01,4.916666e-01,4.208447e-01,3.680014e-01,3.371889e-01,3.227376e-01,4.045012e-01,5.300502e-01,6.514634e-01,7.188569e-01,3.313921e-01,3.151222e-01,3.189190e-01,3.788120e-01,3.473165e-01,3.961540e-01,5.554994e-01,5.925430e-01,5.911363e-01,5.442503e-01,5.271841e-01,5.266344e-01,4.777907e-01,4.838324e-01,4.774338e-01,4.742222e-01,5.368719e-01,5.859742e-01,6.014787e-01,6.396438e-01,-5.868638e-02,6.648950e-01,1.723917e+00,2.130445e+00,2.015076e+00,1.966626e+00,1.640675e+00,1.349173e+00,6.639687e-01,-2.717624e-01,-3.028728e-01,-1.870454e-01,-2.058973e-01,-1.809933e-01,2.357743e-01,1.337038e+00,1.372544e+00,1.250226e+00,1.106910e+00,1.155189e+00,-2.220702e-01,-4.145302e-01,
5.346338e-01,2.772941e-01,2.612197e-01,6.586005e-01,6.528422e-01,6.163000e-01,5.991879e-01,6.403498e-01,7.129792e-01,8.199111e-01,8.784833e-01,9.034418e-01,9.198239e-01,9.126941e-01,8.635632e-01,8.151325e-01,7.432334e-01,6.858602e-01,6.411858e-01,6.161204e-01,7.139695e-01,8.582277e-01,9.915503e-01,1.065723e+00,5.476525e-01,5.301001e-01,5.358034e-01,5.822312e-01,5.580994e-01,6.362331e-01,8.277142e-01,8.805389e-01,8.757677e-01,8.166105e-01,8.082695e-01,8.225637e-01,7.814772e-01,7.786622e-01,7.733407e-01,7.719938e-01,8.483552e-01,8.933905e-01,9.091169e-01,9.596663e-01,-2.247223e-02,1.039169e+00,2.537233e+00,3.111461e+00,2.943439e+00,2.904134e+00,2.433479e+00,2.011011e+00,1.005325e+00,-3.636560e-01,-3.414694e-01,-1.776017e-01,-1.931253e-01,-1.872999e-01,4.003470e-01,2.035087e+00,2.069678e+00,1.891846e+00,1.724981e+00,1.770332e+00,-3.637534e-01,-5.188463e-01,
6.221457e-01,2.866801e-01,3.289362e-01,9.584178e-01,9.093757e-01,8.653482e-01,8.386493e-01,8.766971e-01,9.496212e-01,1.063745e+00,1.128209e+00,1.154015e+00,1.172544e+00,1.168830e+00,1.120391e+00,1.078916e+00,1.008421e+00,9.526404e-01,9.025513e-01,8.688338e-01,9.753236e-01,1.126762e+00,1.260868e+00,1.335678e+00,7.514800e-01,7.356404e-01,7.390329e-01,7.708902e-01,7.550868e-01,8.452428e-01,1.040035e+00,1.102200e+00,1.096733e+00,1.028258e+00,1.029082e+00,1.059139e+00,1.025097e+00,1.014655e+00,1.014204e+00,1.020226e+00,1.104382e+00,1.143626e+00,1.153119e+00,1.204481e+00,-2.969926e-05,1.340035e+00,3.179364e+00,3.884813e+00,3.690639e+00,3.642648e+00,3.065203e+00,2.546646e+00,1.277972e+00,-4.338754e-01,-3.643601e-01,-1.722281e-01,-1.684760e-01,-1.814706e-01,5.413627e-01,2.602576e+00,2.623990e+00,2.399878e+00,2.221253e+00,2.261660e+00,-4.815973e-01,-5.951657e-01,
6.530795e-01,2.891218e-01,3.569477e-01,1.079260e+00,1.012073e+00,9.656701e-01,9.356960e-01,9.724775e-01,1.044580e+00,1.160145e+00,1.225829e+00,1.251267e+00,1.270661e+00,1.268541e+00,1.220424e+00,1.181914e+00,1.112385e+00,1.058119e+00,1.007020e+00,9.698800e-01,1.078639e+00,1.231435e+00,1.364350e+00,1.438469e+00,8.352372e-01,8.205624e-01,8.229081e-01,8.493954e-01,8.375095e-01,9.300887e-01,1.121811e+00,1.186721e+00,1.181376e+00,1.109774e+00,1.114176e+00,1.150669e+00,1.119548e+00,1.106412e+00,1.108489e+00,1.117952e+00,1.204398e+00,1.241415e+00,1.247168e+00,1.297256e+00,7.929834e-03,1.455788e+00,3.425869e+00,4.179735e+00,3.978960e+00,3.923910e+00,3.306496e+00,2.753494e+00,1.383165e+00,-4.603433e-01,-3.717444e-01,-1.716154e-01,-1.567993e-01,-1.768753e-01,5.973969e-01,2.822433e+00,2.836290e+00,2.594625e+00,2.412452e+00,2.450496e+00,-5.297668e-01,-6.224391e-01,
2.770990e-02,-5.267608e-01,-2.382579e-02,1.644928e-01,-1.463405e-02,-3.777713e-02,-5.720072e-02,-8.558213e-02,-1.082482e-01,-1.010174e-01,-5.500966e-02,-1.144727e-02,-5.370357e-03,-1.298950e-02,-1.275761e-02,-1.102119e-02,-1.681623e-02,-4.174898e-02,-7.774977e-02,-9.168919e-02,-9.777678e-02,-1.158216e-01,-9.816453e-02,-6.274689e-02,-7.966101e-02,-7.961475e-02,-6.505916e-02,-7.787991e-02,-1.324474e-01,-1.616452e-01,-6.644158e-02,6.211645e-02,4.883591e-02,7.254670e-02,5.950559e-02,-2.308835e-02,-8.443768e-02,-8.269083e-02,-1.025351e-01,-1.409165e-01,-2.019710e-01,-2.252457e-01,-2.083210e-01,-1.666734e-01,-4.379096e-02,-8.245585e-02,-2.774122e-02,3.428940e-03,-3.661551e-02,7.298615e-02,1.591401e-01,3.005074e-02,2.707793e-02,-3.515624e-02,-9.629685e-02,-1.052228e-01,-8.558101e-02,-1.539843e-01,-1.285207e-01,-1.119100e-01,-1.015703e-01,7.239625e-03,-1.153954e-02,-6.651003e-02,-2.662171e-01,-1.820447e-01,
-8.856635e-03,-1.869729e-01,-1.292270e-02,4.101115e-02,-1.011620e-02,-1.816030e-02,-2.565885e-02,-3.688681e-02,-4.569237e-02,-4.243991e-02,-2.533580e-02,-1.013705e-02,-8.692727e-03,-1.238379e-02,-1.218650e-02,-1.013699e-02,-1.067058e-02,-1.836954e-02,-3.099094e-02,-3.607092e-02,-3.867387e-02,-4.679359e-02,-4.348989e-02,-3.298999e-02,-2.491233e-02,-2.461922e-02,-2.239317e-02,-3.130826e-02,-5.396697e-02,-6.832578e-02,-3.186023e-02,1.689935e-02,1.193841e-02,1.796940e-02,1.415082e-02,-1.295935e-02,-3.286948e-02,-3.152818e-02,-3.677931e-02,-4.888527e-02,-7.180284e-02,-8.347226e-02,-7.620639e-02,-6.335128e-02,-2.632282e-02,-3.662558e-02,-1.516240e-02,2.533720e-03,-1.376555e-02,2.957487e-02,6.252229e-02,1.429623e-02,5.578173e-03,-1.732302e-02,-3.539918e-02,-3.179965e-02,-2.294969e-02,-4.933875e-02,-3.986531e-02,-3.492441e-02,-3.334051e-02,3.860864e-03,-4.103726e-03,-2.581919e-02,-8.792435e-02,-9.081719e-02,
-6.534395e-02,-1.088328e-02,-3.224474e-02,-7.419640e-02,4.068917e-03,4.125500e-03,3.023468e-03,-1.855967e-03,-7.058514e-03,-7.840226e-03,-7.837984e-03,-8.595017e-03,-8.903964e-03,-1.338702e-02,-1.406502e-02,-9.249246e-03,-4.967840e-03,-6.502842e-04,2.252266e-03,1.200947e-03,1.857069e-03,-2.415693e-03,-1.639464e-02,-2.893093e-02,3.115176e-02,3.240445e-02,2.934782e-02,1.783194e-02,-8.826595e-04,-1.751580e-02,-7.857029e-03,-3.367120e-03,9.261431e-04,-6.325138e-03,-5.315641e-03,3.476194e-04,2.474791e-03,4.580144e-03,6.668130e-03,4.641561e-03,4.871333e-03,-1.194696e-02,-1.893524e-02,-2.865133e-02,-6.010749e-02,-3.059008e-02,-2.353183e-02,7.376777e-03,5.242542e-03,9.499813e-03,1.643396e-02,1.775377e-02,-2.148072e-02,-3.376833e-02,-3.489123e-02,-1.491577e-02,-2.102776e-03,-2.130774e-03,-2.351413e-03,6.661056e-03,6.679794e-03,-7.143981e-03,-1.605725e-02,-1.979756e-02,2.528336e-02,-7.920958e-02,
-8.478084e-02,5.210001e-02,-3.066906e-02,-1.125869e-01,3.544279e-02,3.848433e-02,3.820011e-02,2.722704e-02,1.798795e-02,2.092945e-02,2.488261e-02,2.438791e-02,2.078104e-02,5.340943e-03,-1.114740e-03,1.318796e-03,-1.227296e-03,-1.103502e-03,1.968471e-03,5.639729e-04,1.301049e-02,2.050453e-02,9.208931e-03,-1.694672e-03,7.018863e-02,7.888746e-02,7.976848e-02,5.792645e-02,1.978650e-02,-3.953376e-03,1.489215e-02,1.735012e-02,2.673244e-02,9.702178e-03,8.646877e-03,1.864293e-02,1.894496e-02,1.764124e-02,1.487769e-02,4.480130e-03,1.881801e-02,8.397435e-03,-4.161029e-03,-2.166256e-02,-1.143740e-01,-1.165911e-02,1.212184e-02,8.003693e-02,9.370750e-02,8.642317e-02,9.000697e-02,8.410723e-02,-3.148685e-02,-8.296459e-02,-9.720478e-02,-7.116429e-02,-3.659807e-02,-3.651448e-02,-1.978387e-02,6.141078e-02,8.008209e-02,4.201413e-02,1.795532e-02,9.930899e-03,5.911176e-02,-1.680912e-01,
-3.661982e-02,1.553647e-01,9.301252e-03,-1.031155e-01,5.915756e-02,6.358110e-02,6.818732e-02,6.802393e-02,7.297454e-02,9.354244e-02,1.039764e-01,1.019764e-01,9.491760e-02,6.886397e-02,4.252162e-02,2.090863e-02,-6.341957e-03,-2.044136e-02,-1.833952e-02,-1.560457e-02,2.007769e-02,6.093176e-02,8.490955e-02,9.669468e-02,1.024381e-01,1.120725e-01,1.128258e-01,1.101849e-01,6.630385e-02,4.183231e-02,7.692080e-02,8.057465e-02,8.607881e-02,5.773599e-02,4.881506e-02,5.379708e-02,3.272391e-02,3.011537e-02,2.652255e-02,2.255120e-02,5.485031e-02,6.754534e-02,6.233969e-02,4.843376e-02,-1.524299e-01,4.745784e-02,2.033204e-01,3.268557e-01,3.433639e-01,3.080129e-01,2.773675e-01,2.323598e-01,2.754435e-02,-1.360328e-01,-1.811933e-01,-1.526484e-01,-1.153178e-01,-1.025538e-01,-1.409960e-02,2.003858e-01,2.337930e-01,1.797906e-01,1.246521e-01,1.240645e-01,6.999563e-02,-2.586726e-01,
9.893435e-02,2.152096e-01,7.167726e-02,-2.215104e-02,9.732105e-02,9.453521e-02,1.007155e-01,1.205926e-01,1.516112e-01,1.986684e-01,2.175216e-01,2.190476e-01,2.178764e-01,1.939948e-01,1.513113e-01,1.045582e-01,5.114808e-02,2.081199e-02,1.707870e-02,1.812117e-02,7.262585e-02,1.496015e-01,2.188519e-01,2.582206e-01,1.436734e-01,1.417066e-01,1.364807e-01,1.688128e-01,1.282846e-01,1.177265e-01,1.869635e-01,2.018482e-01,2.086362e-01,1.732729e-01,1.573293e-01,1.557742e-01,1.108631e-01,1.136091e-01,1.115817e-01,1.172663e-01,1.595747e-01,1.905617e-01,1.953790e-01,1.943429e-01,-1.432830e-01,1.831101e-01,5.950980e-01,7.972973e-01,7.845672e-01,7.232793e-01,6.192522e-01,5.085404e-01,1.936045e-01,-1.685611e-01,-2.368029e-01,-1.932643e-01,-1.754706e-01,-1.497272e-01,3.673424e-02,4.620065e-01,4.927281e-01,4.253246e-01,3.404017e-01,3.648612e-01,2.492451e-03,-3.078215e-01,
2.623836e-01,2.458114e-01,1.398069e-01,1.293661e-01,1.984201e-01,1.849226e-01,1.876924e-01,2.228136e-01,2.754405e-01,3.467025e-01,3.775124e-01,3.873810e-01,3.944300e-01,3.782781e-01,3.307036e-01,2.752293e-01,2.088396e-01,1.649699e-01,1.483021e-01,1.418466e-01,2.102405e-01,3.149049e-01,4.170769e-01,4.744161e-01,2.168299e-01,2.047561e-01,2.019744e-01,2.581581e-01,2.222290e-01,2.410402e-01,3.582490e-01,3.838809e-01,3.872246e-01,3.470561e-01,3.284035e-01,3.242722e-01,2.726181e-01,2.806115e-01,2.768099e-01,2.790843e-01,3.304225e-01,3.750151e-01,3.862465e-01,4.061143e-01,-9.642498e-02,4.084564e-01,1.142443e+00,1.439352e+00,1.373756e+00,1.312390e+00,1.099214e+00,9.016854e-01,4.233138e-01,-2.100646e-01,-2.700947e-01,-1.925105e-01,-1.989464e-01,-1.690613e-01,1.289464e-01,8.660660e-01,8.958204e-01,8.059742e-01,6.890387e-01,7.326329e-01,-1.127989e-01,-3.495139e-01,
3.962465e-01,2.616665e-01,1.899301e-01,3.250495e-01,3.630928e-01,3.390295e-01,3.346639e-01,3.762879e-01,4.416397e-01,5.314344e-01,5.758635e-01,5.942902e-01,6.067235e-01,5.954797e-01,5.464463e-01,4.916666e-01,4.208447e-01,3.680014e-01,3.371889e-01,3.227376e-01,4.045012e-01,5.300502e-01,6.514634e-01,7.188569e-01,3.313921e-01,3.151222e-01,3.189190e-01,3.788120e-01,3.473165e-01,3.961540e-01,5.554994e-01,5.925430e-01,5.911363e-01,5.442503e-01,5.271841e-01,5.266344e-01,4.777907e-01,4.838324e-01,4.774338e-01,4.742222e-01,5.368719e-01,5.859742e-01,6.014787e-01,6.396438e-01,-5.868638e-02,6.648950e-01,1.723917e+00,2.130445e+00,2.015076e+00,1.966626e+00,1.640675e+00,1.349173e+00,6.639687e-01,-2.717624e-01,-3.028728e-01,-1.870454e-01,-2.058973e-01,-1.809933e-01,2.357743e-01,1.337038e+00,1.372544e+00,1.250226e+00,1.106910e+00,1.155189e+00,-2.220702e-01,-4.145302e-01,
4.787578e-01,2.708052e-01,2.278236e-01,5.037147e-01,5.188058e-01,4.873580e-01,4.759755e-01,5.181767e-01,5.887485e-01,6.892937e-01,7.425732e-01,7.655146e-01,7.804748e-01,7.716551e-01,7.223662e-01,6.706814e-01,5.987906e-01,5.423723e-01,5.027975e-01,4.824153e-01,5.737652e-01,7.112284e-01,8.410583e-01,9.131294e-01,4.453550e-01,4.278511e-01,4.337361e-01,4.875280e-01,4.598112e-01,5.270671e-01,7.084637e-01,7.547163e-01,7.510312e-01,6.974471e-01,6.845852e-01,6.912893e-01,6.465666e-01,6.480320e-01,6.414404e-01,6.378997e-01,7.087125e-01,7.563852e-01,7.730884e-01,8.199773e-01,-3.693318e-02,8.724556e-01,2.178238e+00,2.677637e+00,2.530238e+00,2.489375e+00,2.080914e+00,1.715488e+00,8.539535e-01,-3.233567e-01,-3.258558e-01,-1.818881e-01,-2.018084e-01,-1.863616e-01,3.255077e-01,1.723106e+00,1.760244e+00,1.607813e+00,1.449790e+00,1.497085e+00,-3.012471e-01,-4.730258e-01,
5.065558e-01,2.740156e-01,2.435054e-01,5.771289e-01,5.824922e-01,5.485004e-01,5.343437e-01,5.761543e-01,6.479164e-01,7.517682e-01,8.077941e-01,8.318706e-01,8.475592e-01,8.395562e-01,7.903129e-01,7.401291e-01,6.681553e-01,6.110874e-01,5.688504e-01,5.462160e-01,6.408415e-01,7.818604e-01,9.136894e-01,9.869421e-01,4.935273e-01,4.759023e-01,4.818582e-01,5.322617e-01,5.061928e-01,5.790997e-01,7.661571e-01,8.156900e-01,8.114124e-01,7.551367e-01,7.443630e-01,7.545744e-01,7.115787e-01,7.110091e-01,7.048800e-01,7.021654e-01,7.757630e-01,8.222672e-01,8.387273e-01,8.877098e-01,-2.972110e-02,9.527151e-01,2.351533e+00,2.887044e+00,2.729154e+00,2.689599e+00,2.250834e+00,1.857643e+00,9.269081e-01,-3.429043e-01,-3.336735e-01,-1.797864e-01,-1.981644e-01,-1.871986e-01,3.612243e-01,1.873092e+00,1.909454e+00,1.744871e+00,1.582324e+00,1.628770e+00,-3.312613e-01,-4.953505e-01,
8.481180e-02,-7.925308e-01,3.933083e-02,2.682245e-01,-1.375562e-01,-1.738546e-01,-2.178268e-01,-2.719486e-01,-2.992627e-01,-2.633915e-01,-1.595400e-01,-7.769983e-02,-7.993491e-02,-9.629814e-02,-9.419816e-02,-9.252734e-02,-9.981041e-02,-1.455354e-01,-2.233461e-01,-2.487339e-01,-2.588154e-01,-2.780124e-01,-2.231512e-01,-1.434121e-01,-2.208197e-01,-2.275532e-01,-2.403066e-01,-2.883808e-01,-3.627580e-01,-3.966617e-01,-2.189575e-01,3.274363e-02,-2.855741e-03,2.732124e-02,1.718145e-02,-9.450196e-02,-1.639901e-01,-1.662081e-01,-2.032138e-01,-2.614346e-01,-3.498423e-01,-3.297936e-01,-2.773775e-01,-2.181344e-01,-6.726150e-03,-1.047538e-01,-8.407820e-03,4.947567e-02,-4.861006e-03,2.165689e-01,3.509962e-01,8.276167e-02,4.922638e-02,-4.178910e-02,-8.755119e-02,-8.143009e-02,-3.035177e-02,-1.967448e-01,-1.619274e-01,-1.294732e-01,-1.211953e-01,8.142431e-02,5.460716e-02,-6.332767e-02,-4.546912e-01,-4.410211e-01,
4.234618e-02,-4.403649e-01,2.805428e-02,1.432054e-01,-8.731910e-02,-1.079420e-01,-1.342489e-01,-1.657674e-01,-1.805266e-01,-1.578791e-01,-9.674777e-02,-5.001533e-02,-5.225989e-02,-6.201674e-02,-6.094424e-02,-5.964694e-02,-6.274372e-02,-8.778625e-02,-1.324013e-01,-1.468381e-01,-1.524142e-01,-1.624574e-01,-1.305196e-01,-8.511860e-02,-1.291623e-01,-1.336209e-01,-1.453258e-01,-1.763595e-01,-2.185363e-01,-2.386848e-01,-1.356517e-01,1.100782e-02,-9.402562e-03,6.465213e-03,1.721203e-03,-5.768278e-02,-9.282882e-02,-9.410238e-02,-1.143931e-01,-1.455970e-01,-1.933756e-01,-1.788117e-01,-1.480098e-01,-1.164521e-01,-3.586442e-03,-5.948987e-02,-3.257766e-03,3.421933e-02,5.316449e-03,1.330636e-01,2.089151e-01,5.204464e-02,2.610438e-02,-2.517726e-02,-4.617651e-02,-3.762190e-02,-4.776854e-03,-1.043756e-01,-8.458401e-02,-6.628520e-02,-6.350378e-02,5.201828e-02,3.593418e-02,-3.328197e-02,-2.534047e-01,-2.672687e-01,
-3.626717e-02,-6.859298e-02,-1.534598e-02,-2.391516e-02,-1.282646e-02,-1.553117e-02,-1.949292e-02,-2.583961e-02,-3.051681e-02,-2.811632e-02,-2.034196e-02,-1.495466e-02,-1.546980e-02,-1.878124e-02,-1.889825e-02,-1.584569e-02,-1.306305e-02,-1.327904e-02,-1.721956e-02,-1.941322e-02,-2.065902e-02,-2.573156e-02,-2.996299e-02,-3.135876e-02,-1.548513e-03,-1.673977e-03,-5.963198e-03,-1.627024e-02,-3.176338e-02,-4.495431e-02,-2.611634e-02,-3.002899e-03,-4.140938e-03,-6.129335e-03,-6.122517e-03,-1.104363e-02,-1.426480e-02,-1.250001e-02,-1.254917e-02,-1.571171e-02,-2.380211e-02,-3.302412e-02,-3.147778e-02,-3.216681e-02,-3.322317e-02,-2.911658e-02,-1.644277e-02,4.580336e-03,-3.720012e-03,1.784412e-02,3.312081e-02,1.244502e-02,-8.016445e-03,-1.977908e-02,-2.185418e-02,-7.430137e-03,2.177571e-03,-1.112490e-02,-8.194564e-03,-7.009880e-03,-9.031889e-03,7.244326e-04,-6.103027e-03,-1.751828e-02,-1.900211e-02,-8.134998e-02,
-7.974382e-02,7.728864e-03,-3.770901e-02,-9.842557e-02,1.578472e-02,1.675941e-02,1.549559e-02,7.311656e-03,-4.268806e-04,-6.676042e-04,3.201842e-04,-3.160119e-04,-1.457013e-03,-9.844764e-03,-1.165693e-02,-5.954568e-03,-2.730208e-03,1.112642e-03,4.415119e-03,2.674213e-03,6.709556e-03,5.082268e-03,-1.140478e-02,-2.617383e-02,4.873789e-02,5.252888e-02,5.075402e-02,3.319734e-02,5.603765e-03,-1.472256e-02,-1.453647e-03,1.723359e-03,9.303323e-03,-1.863092e-03,-9.560216e-04,7.794223e-03,1.057643e-02,1.147713e-02,1.158922e-02,5.107704e-03,1.038789e-02,-7.059901e-03,-1.798390e-02,-3.237798e-02,-8.550553e-02,-2.822705e-02,-2.056788e-02,2.540184e-02,3.008908e-02,3.041686e-02,3.716090e-02,3.917099e-02,-3.031214e-02,-5.377202e-02,-5.804176e-02,-3.464065e-02,-1.211734e-02,-1.208078e-02,-1.047819e-02,2.198697e-02,2.864726e-02,3.320436e-03,-1.023770e-02,-1.566547e-02,3.959684e-02,-1.139820e-01,
-7.839149e-02,8.963368e-02,-1.962652e-02,-1.147555e-01,4.546461e-02,4.978997e-02,5.100063e-02,4.133564e-02,3.429600e-02,4.145766e-02,4.747654e-02,4.638891e-02,4.087284e-02,2.086281e-02,8.905494e-03,5.423404e-03,-3.776012e-03,-7.630517e-03,-4.690516e-03,-4.801071e-03,1.502892e-02,3.191971e-02,2.942398e-02,2.441456e-02,8.196592e-02,9.275707e-02,9.451864e-02,7.523637e-02,3.317789e-02,8.145864e-03,3.104912e-02,3.292983e-02,4.118774e-02,2.006512e-02,1.681116e-02,2.605454e-02,2.152479e-02,1.916853e-02,1.544251e-02,5.397655e-03,2.629630e-02,2.349697e-02,1.227416e-02,-5.310042e-03,-1.298739e-01,4.025918e-03,5.593641e-02,1.401658e-01,1.574497e-01,1.425728e-01,1.390064e-01,1.230556e-01,-2.236046e-02,-1.019765e-01,-1.256179e-01,-9.849941e-02,-5.988686e-02,-5.723434e-02,-2.149571e-02,9.855979e-02,1.241574e-01,7.971679e-02,4.590954e-02,3.802345e-02,6.973192e-02,-2.025030e-01,
-1.490965e-02,1.711661e-01,2.001943e-02,-9.338516e-02,6.394697e-02,6.752168e-02,7.292486e-02,7.682002e-02,8.689252e-02,1.126547e-01,1.246380e-01,1.228336e-01,1.162794e-01,8.957200e-02,5.879844e-02,3.100698e-02,-2.336506e-03,-1.988665e-02,-1.841437e-02,-1.529845e-02,2.495730e-02,7.378395e-02,1.073271e-01,1.250877e-01,1.093471e-01,1.172590e-01,1.169536e-01,1.213588e-01,7.786717e-02,5.476601e-02,9.522889e-02,1.006503e-01,1.060913e-01,7.591852e-02,6.520504e-02,6.858928e-02,4.163470e-02,3.958767e-02,3.637800e-02,3.501786e-02,7.004390e-02,8.696122e-02,8.400142e-02,7.203467e-02,-1.557375e-01,6.694075e-02,2.671679e-01,4.051975e-01,4.186894e-01,3.765642e-01,3.342364e-01,2.778535e-01,5.325113e-02,-1.444182e-01,-1.960783e-01,-1.663059e-01,-1.314975e-01,-1.153733e-01,-7.970940e-03,2.421390e-01,2.761141e-01,2.195487e-01,1.581376e-01,1.617790e-01,6.279241e-02,-2.720923e-01,
9.893435e-02,2.152096e-01,7.167726e-02,-2.215104e-02,9.732105e-02,9.453521e-02,1.007155e-01,1.205926e-01,1.516112e-01,1.986684e-01,2.175216e-01,2.190476e-01,2.178764e-01,1.939948e-01,1.513113e-01,1.045582e-01,5.114808e-02,2.081199e-02,1.707870e-02,1.812117e-02,7.262585e-02,1.496015e-01,2.188519e-01,2.582206e-01,1.436734e-01,1.417066e-01,1.364807e-01,1.688128e-01,1.282846e-01,1.177265e-01,1.869635e-01,2.018482e-01,2.086362e-01,1.732729e-01,1.573293e-01,1.557742e-01,1.108631e-01,1.136091e-01,1.115817e-01,1.172663e-01,1.595747e-01,1.905617e-01,1.953790e-01,1.943429e-01,-1.432830e-01,1.831101e-01,5.950980e-01,7.972973e-01,7.845672e-01,7.232793e-01,6.192522e-01,5.085404e-01,1.936045e-01,-1.685611e-01,-2.368029e-01,-1.932643e-01,-1.754706e-01,-1.497272e-01,3.673424e-02,4.620065e-01,4.927281e-01,4.253246e-01,3.404017e-01,3.648612e-01,2.492451e-03,-3.078215e-01,
2.118081e-01,2.382712e-01,1.200677e-01,7.519914e-02,1.578228e-01,1.478251e-01,1.521438e-01,1.833010e-01,2.299726e-01,2.940630e-01,3.206066e-01,3.275129e-01,3.321684e-01,3.137263e-01,2.670712e-01,2.128979e-01,1.493441e-01,1.093920e-01,9.737501e-02,9.354469e-02,1.576066e-01,2.542098e-01,3.475488e-01,4.002564e-01,1.887876e-01,1.791554e-01,1.743908e-01,2.251835e-01,1.877833e-01,1.963684e-01,2.979178e-01,3.202233e-01,3.252377e-01,2.866879e-01,2.684865e-01,2.646599e-01,2.135846e-01,2.206410e-01,2.177553e-01,2.221112e-01,2.701463e-01,3.112209e-01,3.206817e-01,3.335280e-01,-1.115716e-01,3.304041e-01,9.586103e-01,1.223507e+00,1.175418e+00,1.111552e+00,9.352289e-01,7.668674e-01,3.470709e-01,-1.937981e-01,-2.596644e-01,-1.940674e-01,-1.937303e-01,-1.642178e-01,9.687525e-02,7.252434e-01,7.540928e-01,6.726976e-01,5.658961e-01,6.052208e-01,-7.508038e-02,-3.337121e-01,
2.884926e-01,2.492624e-01,1.495690e-01,1.607816e-01,2.234775e-01,2.080776e-01,2.098317e-01,2.467072e-01,3.021717e-01,3.770918e-01,4.103229e-01,4.218218e-01,4.300363e-01,4.149753e-01,3.670220e-01,3.112412e-01,2.436772e-01,1.978719e-01,1.786130e-01,1.707191e-01,2.414771e-01,3.502563e-01,4.566379e-01,5.161600e-01,2.340089e-01,2.208851e-01,2.193780e-01,2.775469e-01,2.424048e-01,2.668066e-01,3.922854e-01,4.197917e-01,4.221877e-01,3.810360e-01,3.623228e-01,3.583030e-01,3.067464e-01,3.148899e-01,3.105457e-01,3.116109e-01,3.648784e-01,4.109511e-01,4.230756e-01,4.466411e-01,-8.875441e-02,4.522489e-01,1.243908e+00,1.558976e+00,1.484039e+00,1.424636e+00,1.191275e+00,9.775400e-01,4.652436e-01,-2.199327e-01,-2.758745e-01,-1.915923e-01,-2.011488e-01,-1.714651e-01,1.469945e-01,9.457063e-01,9.763258e-01,8.814223e-01,7.592349e-01,8.044622e-01,-1.329108e-01,-3.593513e-01,
3.150217e-01,2.525332e-01,1.593167e-01,1.955908e-01,2.521431e-01,2.347338e-01,2.352837e-01,2.737171e-01,3.318963e-01,4.105137e-01,4.463450e-01,4.595471e-01,4.688919e-01,4.548704e-01,4.065819e-01,3.507191e-01,2.821325e-01,2.344335e-01,2.124326e-01,2.030205e-01,2.762946e-01,3.892401e-01,4.996746e-01,5.612962e-01,2.537052e-01,2.396417e-01,2.395104e-01,2.990974e-01,2.647822e-01,2.950405e-01,4.289823e-01,4.585492e-01,4.599672e-01,4.176782e-01,3.990558e-01,3.953924e-01,3.441783e-01,3.522195e-01,3.473084e-01,3.471407e-01,4.025195e-01,4.498223e-01,4.628411e-01,4.901537e-01,-8.111365e-02,4.995155e-01,1.352288e+00,1.687209e+00,1.602585e+00,1.545551e+00,1.290826e+00,1.059681e+00,5.100068e-01,-2.310260e-01,-2.820630e-01,-1.906058e-01,-2.030309e-01,-1.738814e-01,1.665390e-01,1.032110e+00,1.063822e+00,9.632175e-01,8.357159e-01,8.822240e-01,-1.538481e-01,-3.706843e-01,
1.505123e-01,-1.036532e+00,1.502535e-01,3.741096e-01,-2.826508e-01,-3.385592e-01,-4.170838e-01,-5.003272e-01,-5.281091e-01,-4.512579e-01,-2.760558e-01,-1.507869e-01,-1.598981e-01,-1.837432e-01,-1.847999e-01,-1.849795e-01,-1.883321e-01,-2.455829e-01,-3.615975e-01,-3.981455e-01,-4.070646e-01,-4.111945e-01,-3.069900e-01,-1.835657e-01,-3.865032e-01,-4.076274e-01,-4.638338e-01,-5.539514e-01,-6.473532e-01,-6.900100e-01,-4.152833e-01,-1.407013e-02,-6.286644e-02,-1.982478e-02,-2.780071e-02,-1.491739e-01,-2.043378e-01,-2.122755e-01,-2.687238e-01,-3.393423e-01,-4.199949e-01,-3.334319e-01,-2.629947e-01,-1.956181e-01,4.956455e-02,-1.075299e-01,4.088523e-02,1.518615e-01,1.187849e-01,4.274078e-01,6.064711e-01,1.735135e-01,6.765657e-02,-6.185724e-02,-9.226547e-02,-5.443719e-02,7.359084e-02,-2.249960e-01,-1.812690e-01,-1.317449e-01,-1.296584e-01,1.784995e-01,1.309977e-01,-5.630918e-02,-6.289479e-01,-6.880129e-01,
1.158559e-01,-7.832569e-01,1.324899e-01,2.909164e-01,-2.297834e-01,-2.742387e-01,-3.378929e-01,-4.038337e-01,-4.240535e-01,-3.603233e-01,-2.204431e-01,-1.224488e-01,-1.301096e-01,-1.488614e-01,-1.505086e-01,-1.502565e-01,-1.513870e-01,-1.936488e-01,-2.832089e-01,-3.115592e-01,-3.172088e-01,-3.163335e-01,-2.328166e-01,-1.365637e-01,-3.092430e-01,-3.270903e-01,-3.767226e-01,-4.510132e-01,-5.220697e-01,-5.550637e-01,-3.385492e-01,-2.038311e-02,-5.698797e-02,-2.404063e-02,-2.938019e-02,-1.164771e-01,-1.521146e-01,-1.592552e-01,-2.026932e-01,-2.545221e-01,-3.081177e-01,-2.339184e-01,-1.809209e-01,-1.317367e-01,4.673857e-02,-7.365430e-02,3.932655e-02,1.317807e-01,1.172378e-01,3.510878e-01,4.892362e-01,1.464291e-01,5.116112e-02,-4.770124e-02,-6.600722e-02,-3.207474e-02,7.877768e-02,-1.631499e-01,-1.307124e-01,-9.197441e-02,-9.165926e-02,1.485070e-01,1.100461e-01,-3.812354e-02,-4.788532e-01,-5.386199e-01,
2.552951e-02,-3.017236e-01,3.897882e-02,9.214361e-02,-8.505818e-02,-1.012444e-01,-1.245179e-01,-1.496243e-01,-1.584619e-01,-1.357706e-01,-8.458298e-02,-4.865523e-02,-5.174088e-02,-5.948298e-02,-5.979348e-02,-5.858294e-02,-5.814764e-02,-7.346700e-02,-1.065463e-01,-1.171876e-01,-1.201058e-01,-1.228530e-01,-9.559414e-02,-6.203530e-02,-1.078485e-01,-1.136967e-01,-1.324018e-01,-1.622122e-01,-1.925692e-01,-2.090019e-01,-1.271184e-01,-8.232985e-03,-2.219994e-02,-1.163038e-02,-1.343237e-02,-4.677502e-02,-6.129224e-02,-6.282142e-02,-7.742598e-02,-9.637243e-02,-1.206671e-01,-9.940333e-02,-7.843193e-02,-6.062758e-02,3.417235e-03,-3.879336e-02,5.783097e-03,4.435959e-02,3.321182e-02,1.257061e-01,1.800211e-01,5.287687e-02,1.540439e-02,-2.271915e-02,-2.931386e-02,-1.223041e-02,2.688752e-02,-6.120888e-02,-4.795996e-02,-3.510487e-02,-3.643548e-02,5.148888e-02,3.626599e-02,-1.966966e-02,-1.757609e-01,-2.210543e-01,
-5.327099e-02,-3.039479e-02,-2.423053e-02,-5.445887e-02,-4.752719e-03,-5.691600e-03,-7.900057e-03,-1.290557e-02,-1.739981e-02,-1.675382e-02,-1.383467e-02,-1.244539e-02,-1.291707e-02,-1.658365e-02,-1.700988e-02,-1.301137e-02,-9.061165e-03,-6.178130e-03,-5.777629e-03,-7.092743e-03,-7.397027e-03,-1.191595e-02,-2.175296e-02,-2.993799e-02,1.664968e-02,1.701880e-02,1.274910e-02,2.070093e-03,-1.417339e-02,-2.905504e-02,-1.651889e-02,-4.997563e-03,-3.084482e-03,-8.199068e-03,-7.394661e-03,-5.127758e-03,-4.206809e-03,-2.122514e-03,-5.129521e-04,-2.066625e-03,-4.742374e-03,-1.781534e-02,-2.119424e-02,-2.749789e-02,-4.681249e-02,-2.971007e-02,-2.042793e-02,5.517271e-03,7.711894e-04,1.158401e-02,2.113204e-02,1.405882e-02,-1.573867e-02,-2.648966e-02,-2.682420e-02,-8.610131e-03,2.452725e-03,-2.931478e-03,-2.199283e-03,1.403243e-03,-2.602643e-04,-4.350800e-03,-1.210440e-02,-1.856774e-02,9.044497e-03,-7.753082e-02,
-8.269416e-02,1.705106e-02,-3.736789e-02,-1.039268e-01,2.112607e-02,2.257051e-02,2.138970e-02,1.203998e-02,3.479701e-03,3.762320e-03,5.473440e-03,4.995788e-03,3.338720e-03,-6.827226e-03,-9.460638e-03,-4.005474e-03,-1.816800e-03,1.330281e-03,4.578190e-03,2.716830e-03,8.590311e-03,8.757895e-03,-7.362097e-03,-2.180989e-02,5.483864e-02,5.993614e-02,5.892979e-02,3.947583e-02,8.627437e-03,-1.278943e-02,2.007499e-03,5.037698e-03,1.353632e-02,8.839920e-04,1.449893e-03,1.080547e-02,1.335450e-02,1.365251e-02,1.288135e-02,4.868466e-03,1.234161e-02,-4.046422e-03,-1.587931e-02,-3.146177e-02,-9.399506e-02,-2.502548e-02,-1.546796e-02,3.617592e-02,4.351666e-02,4.219036e-02,4.874119e-02,4.957775e-02,-3.212894e-02,-6.158387e-02,-6.793372e-02,-4.371517e-02,-1.749172e-02,-1.769479e-02,-1.369157e-02,3.034440e-02,4.015341e-02,1.105216e-02,-4.770122e-03,-1.105061e-02,4.462834e-02,-1.281627e-01,
-7.839149e-02,8.963368e-02,-1.962652e-02,-1.147555e-01,4.546461e-02,4.978997e-02,5.100063e-02,4.133564e-02,3.429600e-02,4.145766e-02,4.747654e-02,4.638891e-02,4.087284e-02,2.086281e-02,8.905494e-03,5.423404e-03,-3.776012e-03,-7.630517e-03,-4.690515e-03,-4.801070e-03,1.502892e-02,3.191971e-02,2.942399e-02,2.441456e-02,8.196592e-02,9.275708e-02,9.451864e-02,7.523637e-02,3.317789e-02,8.145865e-03,3.104912e-02,3.292983e-02,4.118774e-02,2.006512e-02,1.681116e-02,2.605454e-02,2.152479e-02,1.916853e-02,1.544251e-02,5.397655e-03,2.629630e-02,2.349697e-02,1.227416e-02,-5.310041e-03,-1.298739e-01,4.025918e-03,5.593641e-02,1.401658e-01,1.574497e-01,1.425728e-01,1.390063e-01,1.230556e-01,-2.236046e-02,-1.019765e-01,-1.256179e-01,-9.849941e-02,-5.988686e-02,-5.723434e-02,-2.149571e-02,9.855979e-02,1.241574e-01,7.971679e-02,4.590954e-02,3.802345e-02,6.973192e-02,-2.025030e-01,
-3.661982e-02,1.553647e-01,9.301252e-03,-1.031155e-01,5.915756e-02,6.358110e-02,6.818732e-02,6.802393e-02,7.297454e-02,9.354244e-02,1.039764e-01,1.019764e-01,9.491760e-02,6.886397e-02,4.252162e-02,2.090863e-02,-6.341957e-03,-2.044136e-02,-1.833952e-02,-1.560457e-02,2.007769e-02,6.093176e-02,8.490955e-02,9.669468e-02,1.024381e-01,1.120725e-01,1.128258e-01,1.101849e-01,6.630385e-02,4.183231e-02,7.692080e-02,8.057465e-02,8.607881e-02,5.773599e-02,4.881506e-02,5.379708e-02,3.272391e-02,3.011537e-02,2.652255e-02,2.255120e-02,5.485031e-02,6.754534e-02,6.233969e-02,4.843376e-02,-1.524299e-01,4.745784e-02,2.033204e-01,3.268557e-01,3.433639e-01,3.080129e-01,2.773675e-01,2.323598e-01,2.754435e-02,-1.360328e-01,-1.811933e-01,-1.526484e-01,-1.153178e-01,-1.025538e-01,-1.409960e-02,2.003858e-01,2.337930e-01,1.797906e-01,1.246521e-01,1.240645e-01,6.999563e-02,-2.586726e-01,
2.681849e-02,1.919814e-01,3.921165e-02,-7.070733e-02,7.404467e-02,7.550361e-02,8.167158e-02,9.223270e-02,1.108886e-01,1.452986e-01,1.599050e-01,1.589972e-01,1.541341e-01,1.276793e-01,9.090084e-02,5.411734e-02,1.165551e-02,-1.127653e-02,-1.134623e-02,-8.419941e-03,3.829301e-02,9.929364e-02,1.480185e-01,1.751523e-01,1.216646e-01,1.259196e-01,1.234704e-01,1.395087e-01,9.704771e-02,7.760912e-02,1.283029e-01,1.373760e-01,1.433919e-01,1.107690e-01,9.754208e-02,9.860295e-02,6.304973e-02,6.254541e-02,5.998621e-02,6.243428e-02,1.009178e-01,1.238971e-01,1.243936e-01,1.161769e-01,-1.555361e-01,1.061296e-01,3.858525e-01,5.487387e-01,5.542559e-01,5.025172e-01,4.383361e-01,3.617351e-01,1.034484e-01,-1.552508e-01,-2.157835e-01,-1.822549e-01,-1.531978e-01,-1.324225e-01,6.258498e-03,3.201334e-01,3.534726e-01,2.928636e-01,2.219399e-01,2.336339e-01,4.402702e-02,-2.892822e-01,
7.923809e-02,2.098297e-01,6.284374e-02,-3.645605e-02,9.003946e-02,8.845094e-02,9.474274e-02,1.122805e-01,1.401564e-01,1.839598e-01,2.016439e-01,2.024205e-01,2.002068e-01,1.754724e-01,1.340110e-01,8.945020e-02,3.857765e-02,1.011425e-02,7.507852e-03,9.198259e-03,6.182153e-02,1.348498e-01,1.990197e-01,2.354247e-01,1.373736e-01,1.370380e-01,1.323740e-01,1.606363e-01,1.195755e-01,1.063014e-01,1.703219e-01,1.837242e-01,1.904301e-01,1.557054e-01,1.403640e-01,1.394024e-01,9.650884e-02,9.834719e-02,9.625946e-02,1.014421e-01,1.428202e-01,1.717839e-01,1.755746e-01,1.724538e-01,-1.476570e-01,1.608139e-01,5.366898e-01,7.283456e-01,7.210386e-01,6.616335e-01,5.689123e-01,4.675974e-01,1.684925e-01,-1.650718e-01,-2.320196e-01,-1.915887e-01,-1.706374e-01,-1.459890e-01,2.775653e-02,4.217262e-01,4.531715e-01,3.877136e-01,3.065266e-01,3.277028e-01,1.468777e-02,-3.034436e-01,
9.893435e-02,2.152096e-01,7.167726e-02,-2.215104e-02,9.732105e-02,9.453521e-02,1.007155e-01,1.205926e-01,1.516112e-01,1.986684e-01,2.175216e-01,2.190476e-01,2.178764e-01,1.939948e-01,1.513113e-01,1.045582e-01,5.114808e-02,2.081199e-02,1.707870e-02,1.812117e-02,7.262585e-02,1.496015e-01,2.188519e-01,2.582206e-01,1.436734e-01,1.417066e-01,1.364807e-01,1.688128e-01,1.282846e-01,1.177265e-01,1.869635e-01,2.018482e-01,2.086362e-01,1.732729e-01,1.573293e-01,1.557742e-01,1.108631e-01,1.136091e-01,1.115817e-01,1.172663e-01,1.595747e-01,1.905617e-01,1.953790e-01,1.943429e-01,-1.432830e-01,1.831101e-01,5.950980e-01,7.972973e-01,7.845672e-01,7.232793e-01,6.192522e-01,5.085404e-01,1.936045e-01,-1.685611e-01,-2.368029e-01,-1.932643e-01,-1.754706e-01,-1.497272e-01,3.673424e-02,4.620065e-01,4.927281e-01,4.253246e-01,3.404017e-01,3.648612e-01,2.492451e-03,-3.078215e-01,
1.885610e-01,-1.191279e+00,2.592123e-01,4.854901e-01,-3.926942e-01,-4.680091e-01,-5.771316e-01,-6.862291e-01,-7.156158e-01,-6.028297e-01,-3.681204e-01,-2.085845e-01,-2.208464e-01,-2.510645e-01,-2.571219e-01,-2.554716e-01,-2.525250e-01,-3.124042e-01,-4.520102e-01,-4.971298e-01,-5.015441e-01,-4.859437e-01,-3.446031e-01,-1.910319e-01,-5.269113e-01,-5.605025e-01,-6.537713e-01,-7.795621e-01,-8.892685e-01,-9.421842e-01,-5.855418e-01,-5.479248e-02,-1.078074e-01,-5.559476e-02,-6.324447e-02,-1.830970e-01,-2.213486e-01,-2.360678e-01,-3.057089e-01,-3.806802e-01,-4.355451e-01,-2.959652e-01,-2.221022e-01,-1.526274e-01,1.040054e-01,-8.080991e-02,9.216584e-02,2.564645e-01,2.698756e-01,6.153073e-01,8.360295e-01,2.714245e-01,8.102426e-02,-7.458371e-02,-9.402970e-02,-2.933334e-02,1.882058e-01,-2.282138e-01,-1.833687e-01,-1.217937e-01,-1.216534e-01,2.659215e-01,1.985101e-01,-4.486215e-02,-7.375855e-01,-8.499708e-01,
1.703506e-01,-1.068296e+00,2.626390e-01,4.627942e-01,-3.744590e-01,-4.464151e-01,-5.507987e-01,-6.540018e-01,-6.804291e-01,-5.710093e-01,-3.488430e-01,-2.002653e-01,-2.115498e-01,-2.400436e-01,-2.471484e-01,-2.440561e-01,-2.388648e-01,-2.903350e-01,-4.171662e-01,-4.588485e-01,-4.606016e-01,-4.397008e-01,-3.067005e-01,-1.653049e-01,-5.036096e-01,-5.366673e-01,-6.295426e-01,-7.498544e-01,-8.501101e-01,-8.998320e-01,-5.643970e-01,-6.193016e-02,-1.082085e-01,-6.143380e-02,-6.811704e-02,-1.697211e-01,-1.971377e-01,-2.124088e-01,-2.760405e-01,-3.412146e-01,-3.776698e-01,-2.402142e-01,-1.764723e-01,-1.166343e-01,1.087174e-01,-5.443419e-02,9.939057e-02,2.604701e-01,2.918142e-01,5.953348e-01,8.013343e-01,2.720225e-01,7.516419e-02,-6.649085e-02,-7.914749e-02,-1.452430e-02,2.073845e-01,-1.921623e-01,-1.543792e-01,-9.711305e-02,-9.655839e-02,2.620994e-01,1.972732e-01,-3.112353e-02,-6.656706e-01,-7.822512e-01,
1.075065e-01,-7.055757e-01,1.548440e-01,2.855444e-01,-2.348595e-01,-2.796411e-01,-3.448763e-01,-4.101566e-01,-4.276606e-01,-3.601081e-01,-2.202181e-01,-1.255407e-01,-1.331528e-01,-1.514208e-01,-1.548992e-01,-1.534795e-01,-1.515011e-01,-1.869480e-01,-2.700186e-01,-2.968981e-01,-2.995561e-01,-2.905735e-01,-2.070983e-01,-1.158392e-01,-3.127435e-01,-3.325037e-01,-3.891798e-01,-4.658239e-01,-5.314529e-01,-5.634577e-01,-3.508925e-01,-3.458003e-02,-6.621721e-02,-3.587160e-02,-4.008120e-02,-1.104438e-01,-1.324559e-01,-1.411815e-01,-1.818934e-01,-2.257924e-01,-2.586078e-01,-1.762027e-01,-1.312547e-01,-9.029466e-02,6.020020e-02,-4.849720e-02,5.354488e-02,1.530524e-01,1.616651e-01,3.680433e-01,4.997529e-01,1.630058e-01,4.727397e-02,-4.438364e-02,-5.432111e-02,-1.453872e-02,1.152544e-01,-1.334154e-01,-1.064784e-01,-6.970073e-02,-7.028705e-02,1.595601e-01,1.195227e-01,-2.592149e-02,-4.363545e-01,-5.119251e-01,
1.213194e-02,-2.408933e-01,2.788881e-02,6.506165e-02,-6.840985e-02,-8.124151e-02,-9.984253e-02,-1.201448e-01,-1.275894e-01,-1.095825e-01,-6.893421e-02,-4.058965e-02,-4.313428e-02,-4.962750e-02,-4.992735e-02,-4.843232e-02,-4.741291e-02,-5.891628e-02,-8.479843e-02,-9.325946e-02,-9.571109e-02,-9.859176e-02,-7.844207e-02,-5.312146e-02,-8.317034e-02,-8.775531e-02,-1.033812e-01,-1.283101e-01,-1.540995e-01,-1.691450e-01,-1.031774e-01,-7.898028e-03,-1.876900e-02,-1.117380e-02,-1.244827e-02,-3.819011e-02,-4.919973e-02,-5.001758e-02,-6.097210e-02,-7.554150e-02,-9.512925e-02,-8.017615e-02,-6.380539e-02,-5.058448e-02,-2.943690e-03,-3.475927e-02,1.701924e-03,3.526165e-02,2.548231e-02,9.993313e-02,1.440569e-01,4.289098e-02,1.015400e-02,-2.082183e-02,-2.557253e-02,-9.237334e-03,2.280948e-02,-4.739623e-02,-3.675744e-02,-2.723270e-02,-2.898694e-02,4.000041e-02,2.706798e-02,-1.784588e-02,-1.365263e-01,-1.844855e-01,
-5.389699e-02,-2.868992e-02,-2.526075e-02,-5.516250e-02,-3.349933e-03,-4.147242e-03,-6.064461e-03,-1.083992e-02,-1.536580e-02,-1.509228e-02,-1.278323e-02,-1.174881e-02,-1.213579e-02,-1.574029e-02,-1.614518e-02,-1.211682e-02,-8.201694e-03,-5.219635e-03,-4.479482e-03,-5.705997e-03,-6.018186e-03,-1.067945e-02,-2.097066e-02,-2.954013e-02,1.811028e-02,1.861473e-02,1.477677e-02,4.471024e-03,-1.167066e-02,-2.651906e-02,-1.476775e-02,-4.469397e-03,-2.423272e-03,-7.619954e-03,-6.860682e-03,-4.584375e-03,-3.863060e-03,-1.730349e-03,4.377225e-05,-1.427385e-03,-4.190299e-03,-1.793701e-02,-2.150737e-02,-2.784264e-02,-4.737546e-02,-2.971178e-02,-2.093054e-02,4.576972e-03,-3.133433e-04,9.706932e-03,1.896980e-02,1.329334e-02,-1.589896e-02,-2.634042e-02,-2.692051e-02,-9.025597e-03,1.425998e-03,-2.831278e-03,-2.174654e-03,1.265460e-03,-3.167050e-04,-5.276393e-03,-1.286980e-02,-1.874786e-02,1.044512e-02,-7.525149e-02,
-7.976422e-02,7.797358e-03,-3.773623e-02,-9.846181e-02,1.582667e-02,1.680510e-02,1.554975e-02,7.374267e-03,-3.640630e-04,-6.157076e-04,3.526958e-04,-2.952650e-04,-1.432129e-03,-9.816379e-03,-1.162962e-02,-5.927228e-03,-2.701435e-03,1.149490e-03,4.466963e-03,2.729887e-03,6.766045e-03,5.138690e-03,-1.136137e-02,-2.614673e-02,4.878330e-02,5.257599e-02,5.081258e-02,3.327065e-02,5.681338e-03,-1.464615e-02,-1.403838e-03,1.734187e-03,9.323167e-03,-1.843192e-03,-9.383014e-04,7.819765e-03,1.060372e-02,1.150646e-02,1.162340e-02,5.147492e-03,1.043724e-02,-7.026328e-03,-1.796554e-02,-3.236552e-02,-8.552109e-02,-2.822661e-02,-2.058166e-02,2.537752e-02,3.006845e-02,3.035685e-02,3.708854e-02,3.914627e-02,-3.032228e-02,-5.377328e-02,-5.805353e-02,-3.465727e-02,-1.214121e-02,-1.207116e-02,-1.047378e-02,2.197892e-02,2.864096e-02,3.286048e-03,-1.027108e-02,-1.567743e-02,3.965823e-02,-1.138888e-01,
-8.478089e-02,5.210033e-02,-3.066928e-02,-1.125873e-01,3.544270e-02,3.848428e-02,3.820013e-02,2.722711e-02,1.798802e-02,2.092946e-02,2.488254e-02,2.438781e-02,2.078096e-02,5.340889e-03,-1.114804e-03,1.318732e-03,-1.227325e-03,-1.103472e-03,1.968573e-03,5.640945e-04,1.301060e-02,2.050463e-02,9.208991e-03,-1.694702e-03,7.018862e-02,7.888743e-02,7.976851e-02,5.792661e-02,1.978668e-02,-3.953223e-03,1.489218e-02,1.735001e-02,2.673236e-02,9.702095e-03,8.646787e-03,1.864292e-02,1.894500e-02,1.764131e-02,1.487777e-02,4.480234e-03,1.881818e-02,8.397628e-03,-4.160909e-03,-2.166252e-02,-1.143740e-01,-1.165915e-02,1.212174e-02,8.003666e-02,9.370718e-02,8.642266e-02,9.000644e-02,8.410696e-02,-3.148694e-02,-8.296462e-02,-9.720481e-02,-7.116428e-02,-3.659806e-02,-3.651429e-02,-1.978381e-02,6.141059e-02,8.008193e-02,4.201388e-02,1.795506e-02,9.930743e-03,5.911219e-02,-1.680909e-01,
-7.517720e-02,9.954242e-02,-1.619315e-02,-1.145569e-01,4.759308e-02,5.215624e-02,5.382835e-02,4.496531e-02,3.899110e-02,4.758100e-02,5.415556e-02,5.287408e-02,4.692148e-02,2.581676e-02,1.211534e-02,6.597616e-03,-4.714391e-03,-9.796309e-03,-6.904285e-03,-6.591745e-03,1.534381e-02,3.511601e-02,3.557331e-02,3.247749e-02,8.480681e-02,9.586460e-02,9.770561e-02,7.986606e-02,3.716857e-02,1.194019e-02,3.609996e-02,3.791963e-02,4.571673e-02,2.353111e-02,1.959325e-02,2.843917e-02,2.214869e-02,1.960191e-02,1.575238e-02,6.162155e-03,2.876527e-02,2.812265e-02,1.750358e-02,1.423944e-04,-1.336089e-01,8.707058e-03,7.085354e-02,1.597642e-01,1.776058e-01,1.603375e-01,1.540971e-01,1.349217e-01,-1.832699e-02,-1.069448e-01,-1.333392e-01,-1.060371e-01,-6.692385e-02,-6.320208e-02,-2.138895e-02,1.098567e-01,1.370039e-01,9.109099e-02,5.445529e-02,4.697514e-02,7.161546e-02,-2.110818e-01,
-6.046249e-02,1.287252e-01,-4.509766e-03,-1.114825e-01,5.333859e-02,5.822938e-02,6.139100e-02,5.610256e-02,5.465423e-02,6.850906e-02,7.688306e-02,7.507475e-02,6.815585e-02,4.412950e-02,2.444741e-02,1.158394e-02,-7.086460e-03,-1.636412e-02,-1.372109e-02,-1.207779e-02,1.659945e-02,4.620279e-02,5.727022e-02,6.093554e-02,9.331210e-02,1.043474e-01,1.060109e-01,9.446367e-02,5.065333e-02,2.530430e-02,5.409497e-02,5.625040e-02,6.263515e-02,3.728304e-02,3.100256e-02,3.818378e-02,2.528952e-02,2.243834e-02,1.851434e-02,1.116947e-02,3.881954e-02,4.488227e-02,3.663954e-02,2.055939e-02,-1.441054e-01,2.528194e-02,1.270927e-01,2.317913e-01,2.501430e-01,2.245178e-01,2.079225e-01,1.772752e-01,-6.068481e-04,-1.219141e-01,-1.573331e-01,-1.295852e-01,-9.031507e-02,-8.248828e-02,-1.942005e-02,1.496269e-01,1.806650e-01,1.305778e-01,8.486705e-02,7.979447e-02,7.403824e-02,-2.359757e-01,
-5.361696e-02,1.379675e-01,-1.620965e-04,-1.093966e-01,5.518996e-02,6.002517e-02,6.368738e-02,5.995392e-02,6.044485e-02,7.638204e-02,8.541008e-02,8.348521e-02,7.641047e-02,5.158722e-02,2.972547e-02,1.406359e-02,-7.357410e-03,-1.818358e-02,-1.567871e-02,-1.362274e-02,1.738548e-02,5.061031e-02,6.575324e-02,7.198958e-02,9.623800e-02,1.069649e-01,1.084131e-01,9.957426e-02,5.563787e-02,3.044935e-02,6.112982e-02,6.363620e-02,6.963659e-02,4.326022e-02,3.612097e-02,4.261387e-02,2.713100e-02,2.429013e-02,2.043594e-02,1.411001e-02,4.337163e-02,5.167525e-02,4.438508e-02,2.893251e-02,-1.472120e-01,3.191088e-02,1.500983e-01,2.607101e-01,2.787532e-01,2.499999e-01,2.291489e-01,1.940517e-01,7.494361e-03,-1.267778e-01,-1.653974e-01,-1.374666e-01,-9.860479e-02,-8.918593e-02,-1.808558e-02,1.651637e-01,1.971820e-01,1.457688e-01,9.692521e-02,9.310294e-02,7.350517e-02,-2.438400e-01,
2.002157e-01,-1.253711e+00,3.067394e-01,5.422165e-01,-4.383526e-01,-5.226542e-01,-6.447855e-01,-7.655481e-01,-7.965902e-01,-6.686510e-01,-4.085006e-01,-2.343447e-01,-2.474152e-01,-2.807018e-01,-2.891183e-01,-2.856284e-01,-2.794916e-01,-3.397131e-01,-4.881939e-01,-5.369904e-01,-5.390766e-01,-5.145992e-01,-3.587522e-01,-1.933242e-01,-5.899974e-01,-6.288344e-01,-7.371826e-01,-8.773906e-01,-9.950073e-01,-1.053474e+00,-6.604920e-01,-7.184239e-02,-1.259752e-01,-7.095066e-02,-7.894995e-02,-1.983493e-01,-2.307314e-01,-2.485276e-01,-3.232843e-01,-3.998328e-01,-4.425434e-01,-2.815812e-01,-2.074812e-01,-1.373487e-01,1.271290e-01,-6.450661e-02,1.165283e-01,3.048366e-01,3.408513e-01,6.962488e-01,9.376605e-01,3.179049e-01,8.813143e-02,-7.848844e-02,-9.407305e-02,-1.835488e-02,2.416278e-01,-2.260408e-01,-1.818528e-01,-1.151880e-01,-1.143929e-01,3.061399e-01,2.299609e-01,-3.738836e-02,-7.805264e-01,-9.150722e-01,
1.940368e-01,-1.218897e+00,3.338667e-01,5.651869e-01,-4.525860e-01,-5.401681e-01,-6.664388e-01,-7.905054e-01,-8.214302e-01,-6.875527e-01,-4.207925e-01,-2.448108e-01,-2.575225e-01,-2.917344e-01,-3.020134e-01,-2.961677e-01,-2.868435e-01,-3.423645e-01,-4.880451e-01,-5.368977e-01,-5.361655e-01,-5.040852e-01,-3.458586e-01,-1.812779e-01,-6.133169e-01,-6.546146e-01,-7.702331e-01,-9.143643e-01,-1.031573e+00,-1.091933e+00,-6.903816e-01,-8.487192e-02,-1.357225e-01,-8.291340e-02,-9.085881e-02,-2.005472e-01,-2.250164e-01,-2.447204e-01,-3.186602e-01,-3.908314e-01,-4.172630e-01,-2.465808e-01,-1.781329e-01,-1.129191e-01,1.414774e-01,-3.933172e-02,1.350199e-01,3.346276e-01,3.928059e-01,7.280176e-01,9.741438e-01,3.451332e-01,8.983866e-02,-7.528085e-02,-8.549943e-02,-4.347085e-03,2.825407e-01,-2.033335e-01,-1.638719e-01,-9.682177e-02,-9.458790e-02,3.273128e-01,2.478215e-01,-2.406084e-02,-7.631373e-01,-9.115195e-01,
1.651747e-01,-1.036823e+00,2.550924e-01,4.491917e-01,-3.636084e-01,-4.334643e-01,-5.348278e-01,-6.350456e-01,-6.606945e-01,-5.544282e-01,-3.387225e-01,-1.944952e-01,-2.054748e-01,-2.331553e-01,-2.400403e-01,-2.370120e-01,-2.319703e-01,-2.819406e-01,-4.050825e-01,-4.455531e-01,-4.472530e-01,-4.269699e-01,-2.978707e-01,-1.605810e-01,-4.888990e-01,-5.209749e-01,-6.112223e-01,-7.281516e-01,-8.254773e-01,-8.737443e-01,-5.480833e-01,-6.025479e-02,-1.051943e-01,-5.982798e-02,-6.628959e-02,-1.648649e-01,-1.914326e-01,-2.062663e-01,-2.679986e-01,-3.312296e-01,-3.666261e-01,-2.331919e-01,-1.712222e-01,-1.131439e-01,1.055206e-01,-5.278678e-02,9.644481e-02,2.529171e-01,2.834339e-01,5.781449e-01,7.781408e-01,2.642087e-01,7.293631e-02,-6.449335e-02,-7.665641e-02,-1.387847e-02,2.015683e-01,-1.863929e-01,-1.496963e-01,-9.405728e-02,-9.355416e-02,2.545860e-01,1.916756e-01,-3.010078e-02,-6.461105e-01,-7.597552e-01,
9.713480e-02,-6.720877e-01,1.135949e-01,2.479389e-01,-1.978584e-01,-2.360243e-01,-2.907879e-01,-3.475605e-01,-3.649858e-01,-3.101311e-01,-1.899224e-01,-1.058478e-01,-1.125289e-01,-1.287517e-01,-1.301419e-01,-1.297425e-01,-1.305557e-01,-1.667118e-01,-2.435830e-01,-2.679350e-01,-2.728246e-01,-2.722585e-01,-2.008773e-01,-1.183972e-01,-2.651382e-01,-2.803939e-01,-3.234514e-01,-3.878989e-01,-4.492318e-01,-4.779900e-01,-2.918101e-01,-1.825224e-02,-4.970205e-02,-2.169920e-02,-2.617859e-02,-1.006447e-01,-1.309756e-01,-1.370374e-01,-1.740440e-01,-2.182660e-01,-2.644134e-01,-2.011111e-01,-1.553255e-01,-1.132827e-01,3.900469e-02,-6.392705e-02,3.305345e-02,1.132647e-01,1.007472e-01,3.020035e-01,4.209204e-01,1.262141e-01,4.343638e-02,-4.130606e-02,-5.650376e-02,-2.661365e-02,6.879491e-02,-1.392797e-01,-1.113130e-01,-7.817925e-02,-7.821365e-02,1.278084e-01,9.468946e-02,-3.281857e-02,-4.102163e-01,-4.654920e-01,
1.249628e-02,-2.665629e-01,1.246203e-02,7.383622e-02,-5.410218e-02,-6.644726e-02,-8.245530e-02,-1.019758e-01,-1.114939e-01,-9.785407e-02,-6.107638e-02,-3.330247e-02,-3.485299e-02,-4.125717e-02,-4.065865e-02,-3.902001e-02,-3.983689e-02,-5.389416e-02,-8.015768e-02,-8.883764e-02,-9.244908e-02,-9.966698e-02,-8.276877e-02,-5.738532e-02,-7.406939e-02,-7.658883e-02,-8.494949e-02,-1.057271e-01,-1.335905e-01,-1.487848e-01,-8.541723e-02,4.216871e-03,-7.818089e-03,4.372888e-04,-2.148314e-03,-3.673946e-02,-5.703827e-02,-5.717484e-02,-6.821789e-02,-8.604523e-02,-1.154494e-01,-1.097424e-01,-9.129426e-02,-7.361648e-02,-1.061383e-02,-4.183703e-02,-6.574671e-03,2.032412e-02,1.382853e-03,8.002850e-02,1.273177e-01,3.250385e-02,1.256138e-02,-1.903760e-02,-3.062441e-02,-2.114285e-02,-8.765712e-05,-6.046120e-02,-4.827227e-02,-3.859158e-02,-3.816199e-02,3.014312e-02,1.930148e-02,-2.318293e-02,-1.475770e-01,-1.750051e-01,
-4.028334e-02,-5.622332e-02,-2.094137e-02,-2.958810e-02,-4.090290e-03,-6.057738e-03,-8.344189e-03,-1.314974e-02,-1.788652e-02,-1.767740e-02,-1.370015e-02,-1.059329e-02,-1.038124e-02,-1.312131e-02,-1.332256e-02,-1.016300e-02,-7.296949e-03,-6.277431e-03,-7.551731e-03,-9.069232e-03,-1.019882e-02,-1.558080e-02,-2.250655e-02,-2.679402e-02,7.560955e-03,7.985476e-03,6.123175e-03,-1.595789e-03,-1.634109e-02,-2.957924e-02,-1.580026e-02,-2.960340e-04,2.593846e-05,-2.110648e-03,-2.489891e-03,-6.437533e-03,-9.940548e-03,-7.832923e-03,-6.865095e-03,-9.124617e-03,-1.617954e-02,-2.905001e-02,-2.983484e-02,-3.127024e-02,-3.637591e-02,-2.878632e-02,-1.925600e-02,-4.317303e-04,-8.334916e-03,6.380770e-03,1.951652e-02,7.877114e-03,-9.603036e-03,-1.948267e-02,-2.347710e-02,-1.049981e-02,-3.099817e-03,-9.747442e-03,-7.587102e-03,-8.205170e-03,-9.826302e-03,-5.590264e-03,-1.190535e-02,-1.935008e-02,-8.133234e-03,-6.415832e-02,
-6.551180e-02,-9.361158e-03,-3.317585e-02,-7.581220e-02,4.155088e-03,4.381352e-03,3.579158e-03,-1.019770e-03,-6.201045e-03,-7.242049e-03,-7.670646e-03,-8.662687e-03,-8.858894e-03,-1.321682e-02,-1.395185e-02,-9.152821e-03,-4.731072e-03,-1.090635e-04,3.198505e-03,2.271896e-03,2.900741e-03,-1.321144e-03,-1.551613e-02,-2.851301e-02,3.144886e-02,3.263924e-02,2.988175e-02,1.906449e-02,4.803396e-04,-1.623661e-02,-7.214316e-03,-3.571534e-03,9.452859e-04,-6.317231e-03,-5.347395e-03,6.417325e-04,3.020579e-03,5.271104e-03,7.420943e-03,5.553637e-03,6.148068e-03,-1.066572e-02,-1.807621e-02,-2.811864e-02,-6.000658e-02,-3.047788e-02,-2.341486e-02,6.935976e-03,4.537024e-03,7.759467e-03,1.438594e-02,1.688293e-02,-2.166062e-02,-3.391569e-02,-3.515973e-02,-1.504256e-02,-2.230922e-03,-1.332115e-03,-1.925870e-03,6.302023e-03,6.451757e-03,-7.909817e-03,-1.688297e-02,-2.009577e-02,2.732186e-02,-7.764229e-02,
-7.785015e-02,4.353192e-03,-3.771925e-02,-9.563714e-02,1.324752e-02,1.408839e-02,1.292596e-02,5.438251e-03,-1.845296e-03,-2.332091e-03,-1.751303e-03,-2.519688e-03,-3.422954e-03,-1.097247e-02,-1.249885e-02,-6.810449e-03,-3.174025e-03,9.926535e-04,4.402044e-03,2.792010e-03,6.042427e-03,3.735775e-03,-1.270878e-02,-2.753109e-02,4.568929e-02,4.888372e-02,4.686552e-02,3.056576e-02,4.626891e-03,-1.513592e-02,-2.757239e-03,3.013285e-04,7.402243e-03,-3.084814e-03,-2.074701e-03,6.399252e-03,9.283453e-03,1.050514e-02,1.105623e-02,5.427194e-03,9.808994e-03,-7.848986e-03,-1.828711e-02,-3.210424e-02,-8.109224e-02,-2.918394e-02,-2.190629e-02,2.113717e-02,2.440329e-02,2.519427e-02,3.186657e-02,3.448105e-02,-2.906367e-02,-5.008718e-02,-5.349859e-02,-3.049362e-02,-9.792087e-03,-9.362743e-03,-8.654839e-03,1.855528e-02,2.385521e-02,2.907668e-04,-1.231652e-02,-1.720421e-02,3.785405e-02,-1.071036e-01,
-8.266707e-02,1.713241e-02,-3.744557e-02,-1.040196e-01,2.107862e-02,2.253766e-02,2.138116e-02,1.204957e-02,3.488496e-03,3.759122e-03,5.452965e-03,4.969730e-03,3.321448e-03,-6.836105e-03,-9.473615e-03,-4.017141e-03,-1.819326e-03,1.342247e-03,4.607643e-03,2.751318e-03,8.618450e-03,8.789642e-03,-7.335696e-03,-2.180210e-02,5.480107e-02,5.989314e-02,5.891134e-02,3.951300e-02,8.670102e-03,-1.274905e-02,2.021493e-03,5.016648e-03,1.352183e-02,8.648110e-04,1.429641e-03,1.080485e-02,1.336971e-02,1.367916e-02,1.291003e-02,4.902868e-03,1.238904e-02,-3.979849e-03,-1.581701e-02,-3.141852e-02,-9.395162e-02,-2.497421e-02,-1.537800e-02,3.620369e-02,4.350512e-02,4.213011e-02,4.866871e-02,4.956208e-02,-3.210207e-02,-6.159129e-02,-6.792733e-02,-4.369685e-02,-1.747336e-02,-1.761316e-02,-1.364251e-02,3.035452e-02,4.018330e-02,1.105776e-02,-4.768124e-03,-1.102137e-02,4.476611e-02,-1.281457e-01,
-8.374842e-02,2.273453e-02,-3.673991e-02,-1.062599e-01,2.391915e-02,2.564853e-02,2.457346e-02,1.471760e-02,5.822697e-03,6.458698e-03,8.572712e-03,8.151558e-03,6.181966e-03,-4.950118e-03,-8.125165e-03,-2.963396e-03,-1.450864e-03,1.250915e-03,4.468636e-03,2.602932e-03,9.552596e-03,1.084179e-02,-4.792593e-03,-1.886015e-02,5.788276e-02,6.368818e-02,6.309562e-02,4.285633e-02,1.041690e-02,-1.151300e-02,4.054156e-03,6.994189e-03,1.585862e-02,2.406505e-03,2.738857e-03,1.234082e-02,1.467513e-02,1.465868e-02,1.344826e-02,4.762984e-03,1.345942e-02,-2.096733e-03,-1.426459e-02,-3.036989e-02,-9.814326e-02,-2.291524e-02,-1.176722e-02,4.282562e-02,5.148086e-02,4.918025e-02,5.548665e-02,5.545854e-02,-3.265885e-02,-6.565675e-02,-7.324936e-02,-4.863820e-02,-2.058277e-02,-2.084853e-02,-1.516206e-02,3.534136e-02,4.685443e-02,1.588590e-02,-1.263643e-03,-7.957472e-03,4.740138e-02,-1.356900e-01,
1.965478e-01,-1.242056e+00,2.698455e-01,5.058392e-01,-4.091713e-01,-4.876585e-01,-6.013366e-01,-7.149952e-01,-7.456472e-01,-6.281761e-01,-3.836119e-01,-2.173339e-01,-2.300743e-01,-2.615440e-01,-2.678833e-01,-2.661920e-01,-2.630941e-01,-3.254623e-01,-4.709134e-01,-5.179224e-01,-5.225345e-01,-5.062896e-01,-3.590052e-01,-1.990418e-01,-5.490861e-01,-5.841201e-01,-6.812095e-01,-8.121179e-01,-9.265114e-01,-9.817470e-01,-6.100653e-01,-5.693925e-02,-1.121628e-01,-5.770161e-02,-6.571793e-02,-1.907052e-01,-2.306262e-01,-2.459330e-01,-3.185500e-01,-3.967158e-01,-4.538967e-01,-3.084819e-01,-2.316619e-01,-1.592639e-01,1.082537e-01,-8.446880e-02,9.603538e-02,2.671828e-01,2.809474e-01,6.408965e-01,8.709568e-01,2.826539e-01,8.442908e-02,-7.792035e-02,-9.837577e-02,-3.090228e-02,1.958193e-01,-2.380395e-01,-1.913211e-01,-1.272916e-01,-1.271225e-01,2.768711e-01,2.065454e-01,-4.702771e-02,-7.687841e-01,-8.855442e-01,
1.996444e-01,-1.250106e+00,3.058872e-01,5.406828e-01,-4.371107e-01,-5.211726e-01,-6.429595e-01,-7.633811e-01,-7.943331e-01,-6.667531e-01,-4.073401e-01,-2.336807e-01,-2.467167e-01,-2.799101e-01,-2.883008e-01,-2.848189e-01,-2.787015e-01,-3.387541e-01,-4.868153e-01,-5.354738e-01,-5.375532e-01,-5.131444e-01,-3.577396e-01,-1.927766e-01,-5.883217e-01,-6.270464e-01,-7.350939e-01,-8.749155e-01,-9.921932e-01,-1.050487e+00,-6.586237e-01,-7.164902e-02,-1.256296e-01,-7.076477e-02,-7.873830e-02,-1.977923e-01,-2.300784e-01,-2.478263e-01,-3.223677e-01,-3.986962e-01,-4.412848e-01,-2.807770e-01,-2.068772e-01,-1.369438e-01,1.267772e-01,-6.430530e-02,1.161983e-01,3.039759e-01,3.399029e-01,6.942921e-01,9.350145e-01,3.170151e-01,8.788162e-02,-7.825176e-02,-9.377915e-02,-1.828008e-02,2.409623e-01,-2.253838e-01,-1.813204e-01,-1.148355e-01,-1.140440e-01,3.052869e-01,2.293296e-01,-3.726300e-02,-7.782988e-01,-9.124854e-01,
1.853408e-01,-1.170937e+00,2.549411e-01,4.773150e-01,-3.860924e-01,-4.601355e-01,-5.674315e-01,-6.747008e-01,-7.035815e-01,-5.926742e-01,-3.619155e-01,-2.050822e-01,-2.171521e-01,-2.468688e-01,-2.528138e-01,-2.511794e-01,-2.482912e-01,-3.071703e-01,-4.444319e-01,-4.887937e-01,-4.931295e-01,-4.777893e-01,-3.388342e-01,-1.878288e-01,-5.180190e-01,-5.510320e-01,-6.427700e-01,-7.665095e-01,-8.743413e-01,-9.263333e-01,-5.757171e-01,-5.393394e-02,-1.060630e-01,-5.475265e-02,-6.225589e-02,-1.800497e-01,-2.176313e-01,-2.321134e-01,-3.005601e-01,-3.742491e-01,-4.281866e-01,-2.909502e-01,-2.182745e-01,-1.499732e-01,1.022901e-01,-7.935594e-02,9.060884e-02,2.521664e-01,2.654289e-01,6.050439e-01,8.220265e-01,2.669207e-01,7.965515e-02,-7.325443e-02,-9.229662e-02,-2.870534e-02,1.851554e-01,-2.242736e-01,-1.801787e-01,-1.195935e-01,-1.194669e-01,2.615279e-01,1.952817e-01,-4.400224e-02,-7.250743e-01,-8.357286e-01,
1.406203e-01,-9.700528e-01,1.410019e-01,3.502483e-01,-2.648485e-01,-3.172060e-01,-3.908011e-01,-4.688147e-01,-4.948118e-01,-4.227536e-01,-2.586277e-01,-1.413428e-01,-1.499297e-01,-1.722984e-01,-1.732558e-01,-1.733717e-01,-1.765213e-01,-2.301584e-01,-3.388440e-01,-3.730842e-01,-3.814312e-01,-3.853117e-01,-2.877509e-01,-1.720964e-01,-3.619466e-01,-3.816895e-01,-4.344965e-01,-5.191671e-01,-6.066073e-01,-6.465125e-01,-3.892116e-01,-1.344243e-02,-5.917229e-02,-1.895044e-02,-2.636049e-02,-1.399022e-01,-1.914711e-01,-1.989300e-01,-2.517111e-01,-3.177703e-01,-3.933221e-01,-3.122585e-01,-2.460856e-01,-1.830011e-01,4.642741e-02,-1.005201e-01,3.821323e-02,1.423129e-01,1.115451e-01,4.006790e-01,5.683727e-01,1.627627e-01,6.331257e-02,-5.775972e-02,-8.596764e-02,-5.050276e-02,6.939645e-02,-2.103849e-01,-1.693993e-01,-1.228937e-01,-1.210046e-01,1.674747e-01,1.230596e-01,-5.244720e-02,-5.887740e-01,-6.449601e-01,
6.789287e-02,-6.524867e-01,3.248597e-02,2.197241e-01,-1.139724e-01,-1.438753e-01,-1.802331e-01,-2.250139e-01,-2.475778e-01,-2.178617e-01,-1.321570e-01,-6.477548e-02,-6.674317e-02,-8.034864e-02,-7.854405e-02,-7.695771e-02,-8.284974e-02,-1.204745e-01,-1.846360e-01,-2.055825e-01,-2.139452e-01,-2.299675e-01,-1.850434e-01,-1.193585e-01,-1.818272e-01,-1.872705e-01,-1.982225e-01,-2.385793e-01,-3.000747e-01,-3.282688e-01,-1.816169e-01,2.612372e-02,-3.283782e-03,2.130629e-02,1.308733e-02,-7.866253e-02,-1.356825e-01,-1.374770e-01,-1.676799e-01,-2.154087e-01,-2.884791e-01,-2.722828e-01,-2.286025e-01,-1.798913e-01,-6.239597e-03,-8.666718e-02,-7.714886e-03,4.060233e-02,-4.058300e-03,1.789581e-01,2.900514e-01,6.860226e-02,4.015203e-02,-3.440706e-02,-7.145507e-02,-6.589352e-02,-2.369903e-02,-1.611994e-01,-1.324558e-01,-1.058448e-01,-9.928610e-02,6.750313e-02,4.545880e-02,-5.206078e-02,-3.738599e-01,-3.662873e-01,
9.007775e-03,-3.365620e-01,-2.029427e-02,9.455754e-02,-1.395898e-02,-2.810879e-02,-3.990932e-02,-5.813864e-02,-7.334882e-02,-6.946052e-02,-4.072971e-02,-1.340134e-02,-9.583860e-03,-1.449666e-02,-1.408006e-02,-1.195819e-02,-1.437592e-02,-2.903439e-02,-5.111037e-02,-5.972586e-02,-6.439833e-02,-7.726989e-02,-6.812162e-02,-4.720659e-02,-5.252829e-02,-5.234020e-02,-4.319416e-02,-5.160845e-02,-8.729892e-02,-1.077385e-01,-4.781822e-02,3.395453e-02,2.564437e-02,4.007069e-02,3.210300e-02,-1.940859e-02,-5.720823e-02,-5.535993e-02,-6.706798e-02,-9.069573e-02,-1.302939e-01,-1.465169e-01,-1.351741e-01,-1.099420e-01,-2.979605e-02,-5.672128e-02,-2.630128e-02,-8.015018e-03,-3.506715e-02,3.521109e-02,9.267501e-02,1.255208e-02,1.320078e-02,-2.246395e-02,-5.963272e-02,-6.325096e-02,-5.004039e-02,-9.245672e-02,-7.903423e-02,-7.616699e-02,-6.987666e-02,-1.079429e-03,-1.271357e-02,-4.820878e-02,-1.614344e-01,-1.232642e-01,
-1.062516e-02,-1.455600e-01,-4.047322e-02,-5.023593e-03,-6.720704e-03,-9.655773e-03,-7.872957e-03,-1.035629e-02,-1.827602e-02,-2.271420e-02,-1.857508e-02,-1.045940e-02,-5.735305e-03,-5.777453e-03,-7.443037e-03,-6.116387e-03,-2.618927e-03,-1.114109e-03,-1.388905e-03,-2.340324e-03,-5.220837e-03,-1.128249e-02,-1.379381e-02,-1.670440e-02,-1.713662e-02,-1.875867e-02,-6.825449e-03,6.623396e-03,-1.196387e-02,-2.844821e-02,-1.071276e-02,1.261977e-02,1.427188e-02,2.002121e-02,1.494470e-02,-3.191445e-03,-1.600471e-02,-9.730362e-03,-1.313610e-02,-2.045571e-02,-3.237506e-02,-4.350958e-02,-4.863241e-02,-4.537423e-02,-2.045123e-02,-2.877243e-02,-4.273670e-03,-2.169007e-03,-2.792529e-02,-1.613634e-02,6.588716e-03,-8.348558e-03,3.223030e-03,-2.163755e-02,-4.411797e-02,-3.629883e-02,-2.760046e-02,-2.549477e-02,-2.513598e-02,-4.093099e-02,-3.483252e-02,-1.358519e-02,-2.372659e-02,-3.006180e-02,-2.629913e-02,-4.705107e-02,
-1.374916e-02,-7.229880e-02,-5.057127e-02,-5.113378e-02,-2.915736e-02,-2.628247e-02,-1.873756e-02,-1.636336e-02,-2.182518e-02,-2.641814e-02,-2.695662e-02,-2.338716e-02,-1.948498e-02,-1.886186e-02,-2.117322e-02,-1.877886e-02,-1.240510e-02,-5.924240e-03,-1.142446e-03,1.725795e-04,-2.898768e-03,-6.131921e-03,-1.078263e-02,-1.938181e-02,-2.466169e-02,-2.740631e-02,-1.617768e-02,4.840363e-03,-8.691606e-03,-2.329165e-02,-1.541966e-02,-6.307677e-03,-4.022478e-03,-4.870908e-03,-7.023888e-03,-1.044194e-02,-1.123039e-02,-2.399419e-03,-2.816443e-03,-4.788950e-03,-8.599954e-03,-1.036313e-02,-1.307602e-02,-1.979015e-02,-6.819329e-03,-6.152008e-03,2.310246e-02,1.595138e-02,-1.483451e-02,-1.647973e-02,-4.077653e-03,-3.830726e-03,6.156160e-03,-2.122461e-02,-2.735827e-02,-1.104792e-02,-1.729556e-03,1.473021e-02,7.055778e-03,-1.389357e-02,-5.216211e-03,2.297082e-04,-9.231412e-03,-9.875747e-03,3.279286e-02,-6.666245e-02,
-2.104188e-02,-5.037720e-02,-4.907123e-02,-6.235446e-02,-3.518088e-02,-3.168711e-02,-2.468586e-02,-2.317192e-02,-2.835265e-02,-3.124059e-02,-3.070475e-02,-2.747891e-02,-2.443589e-02,-2.466208e-02,-2.679762e-02,-2.329540e-02,-1.656677e-02,-9.967715e-03,-5.683331e-03,-4.726685e-03,-7.645244e-03,-1.041131e-02,-1.608817e-02,-2.493542e-02,-2.412109e-02,-2.663872e-02,-1.853333e-02,-2.064839e-03,-1.595851e-02,-3.044701e-02,-2.167253e-02,-1.234758e-02,-1.043052e-02,-1.394503e-02,-1.467056e-02,-1.349828e-02,-1.101670e-02,-2.758010e-03,-2.188206e-03,-3.366357e-03,-5.718024e-03,-6.161706e-03,-6.268722e-03,-1.519128e-02,-9.371087e-03,-2.283191e-03,2.572533e-02,2.173114e-02,-5.593497e-03,-6.275041e-03,5.116325e-03,4.775577e-03,4.734914e-03,-2.229371e-02,-2.161491e-02,-2.555894e-03,8.838530e-03,2.346508e-02,1.437020e-02,-2.831738e-03,5.524119e-03,6.584286e-03,-2.551469e-03,-4.399487e-03,4.316159e-02,-8.337222e-02,
-2.488438e-02,-4.843275e-02,-4.424834e-02,-6.040984e-02,-3.598347e-02,-3.331348e-02,-2.811121e-02,-2.819308e-02,-3.345064e-02,-3.478478e-02,-3.220387e-02,-2.820387e-02,-2.568857e-02,-2.658409e-02,-2.855000e-02,-2.463189e-02,-1.806985e-02,-1.220227e-02,-9.305961e-03,-9.054421e-03,-1.177186e-02,-1.442402e-02,-1.991069e-02,-2.776266e-02,-2.323465e-02,-2.562317e-02,-2.019910e-02,-8.541213e-03,-2.335586e-02,-3.810066e-02,-2.651012e-02,-1.348116e-02,-1.191614e-02,-1.591859e-02,-1.620150e-02,-1.425004e-02,-1.123872e-02,-4.010948e-03,-3.484241e-03,-4.906786e-03,-7.055882e-03,-7.476625e-03,-6.772961e-03,-1.550761e-02,-1.295325e-02,-4.059831e-03,2.264814e-02,2.310642e-02,-3.054305e-04,2.116416e-03,1.453808e-02,1.016872e-02,3.040515e-03,-2.319874e-02,-2.074624e-02,-8.693803e-04,1.265144e-02,2.203495e-02,1.348224e-02,-2.206268e-04,7.076172e-03,8.811650e-03,-4.402629e-04,-4.385210e-03,3.793265e-02,-9.059332e-02,
1.679885e-01,-1.156653e+00,1.667564e-01,4.167807e-01,-3.148106e-01,-3.771192e-01,-4.645244e-01,-5.572008e-01,-5.882261e-01,-5.027486e-01,-3.075775e-01,-1.679126e-01,-1.779647e-01,-2.044785e-01,-2.057258e-01,-2.060071e-01,-2.096833e-01,-2.734076e-01,-4.026104e-01,-4.433131e-01,-4.532781e-01,-4.578955e-01,-3.417693e-01,-2.044043e-01,-4.307145e-01,-4.543328e-01,-5.166798e-01,-6.166211e-01,-7.208579e-01,-7.685983e-01,-4.624017e-01,-1.523827e-02,-6.955358e-02,-2.144640e-02,-3.045152e-02,-1.659414e-01,-2.275729e-01,-2.363431e-01,-2.993766e-01,-3.781838e-01,-4.680585e-01,-3.716694e-01,-2.935808e-01,-2.184956e-01,5.497681e-02,-1.204203e-01,4.558639e-02,1.690448e-01,1.316725e-01,4.754921e-01,6.751292e-01,1.928517e-01,7.540743e-02,-6.940622e-02,-1.037993e-01,-6.155314e-02,8.117695e-02,-2.513160e-01,-2.026345e-01,-1.477786e-01,-1.453768e-01,1.982889e-01,1.451663e-01,-6.343430e-02,-7.012954e-01,-7.659936e-01,
1.784307e-01,-1.183559e+00,1.977911e-01,4.401498e-01,-3.445367e-01,-4.114675e-01,-5.068536e-01,-6.056509e-01,-6.361653e-01,-5.408749e-01,-3.306903e-01,-1.829334e-01,-1.940476e-01,-2.219447e-01,-2.246363e-01,-2.247273e-01,-2.265059e-01,-2.901129e-01,-4.247348e-01,-4.673288e-01,-4.758391e-01,-4.742962e-01,-3.481376e-01,-2.035095e-01,-4.659278e-01,-4.930934e-01,-5.663936e-01,-6.759967e-01,-7.828856e-01,-8.324500e-01,-5.068587e-01,-2.841704e-02,-8.331327e-02,-3.294452e-02,-4.143210e-02,-1.735876e-01,-2.280400e-01,-2.386936e-01,-3.048380e-01,-3.835681e-01,-4.640375e-01,-3.519919e-01,-2.737087e-01,-1.994194e-01,7.122903e-02,-1.114215e-01,6.024183e-02,1.976824e-01,1.745365e-01,5.255386e-01,7.332520e-01,2.183865e-01,7.772603e-02,-7.254447e-02,-1.021886e-01,-5.199507e-02,1.146629e-01,-2.482836e-01,-1.997663e-01,-1.421010e-01,-1.409678e-01,2.214075e-01,1.631670e-01,-5.907475e-02,-7.231259e-01,-8.044339e-01,
1.654017e-01,-1.138666e+00,1.643007e-01,4.104247e-01,-3.099953e-01,-3.713467e-01,-4.574241e-01,-5.486893e-01,-5.792276e-01,-4.950394e-01,-3.028553e-01,-1.653437e-01,-1.752554e-01,-2.013694e-01,-2.025872e-01,-2.028542e-01,-2.064849e-01,-2.692441e-01,-3.964762e-01,-4.365579e-01,-4.463654e-01,-4.509072e-01,-3.365602e-01,-2.012755e-01,-4.241064e-01,-4.473514e-01,-5.087788e-01,-6.072505e-01,-7.098600e-01,-7.568306e-01,-4.553453e-01,-1.506088e-02,-6.855139e-02,-2.120043e-02,-3.005085e-02,-1.634294e-01,-2.240945e-01,-2.327425e-01,-2.947930e-01,-3.723779e-01,-4.608713e-01,-3.659453e-01,-2.889985e-01,-2.150642e-01,5.418608e-02,-1.184728e-01,4.489176e-02,1.664766e-01,1.297569e-01,4.683074e-01,6.648614e-01,1.899624e-01,7.425429e-02,-6.826457e-02,-1.020601e-01,-6.048674e-02,8.004074e-02,-2.473804e-01,-1.994413e-01,-1.453749e-01,-1.430171e-01,1.953352e-01,1.430577e-01,-6.235639e-02,-6.904801e-01,-7.543018e-01,
1.254056e-01,-1.010265e+00,8.443566e-02,3.461282e-01,-2.161110e-01,-2.646508e-01,-3.277603e-01,-4.006975e-01,-4.321497e-01,-3.757546e-01,-2.293255e-01,-1.184281e-01,-1.240892e-01,-1.457871e-01,-1.441703e-01,-1.434270e-01,-1.507219e-01,-2.088161e-01,-3.141176e-01,-3.476439e-01,-3.594087e-01,-3.769486e-01,-2.945344e-01,-1.853699e-01,-3.179688e-01,-3.311807e-01,-3.620037e-01,-4.324050e-01,-5.249427e-01,-5.667428e-01,-3.256999e-01,1.990815e-02,-2.738972e-02,1.191055e-02,1.342476e-03,-1.324429e-01,-2.080064e-01,-2.123744e-01,-2.628779e-01,-3.355682e-01,-4.375910e-01,-3.884665e-01,-3.194743e-01,-2.476820e-01,1.308033e-02,-1.253804e-01,8.802602e-03,9.351613e-02,3.350656e-02,3.266967e-01,4.976275e-01,1.262320e-01,6.470760e-02,-5.587452e-02,-1.019833e-01,-8.283916e-02,9.411555e-04,-2.390221e-01,-1.949352e-01,-1.508119e-01,-1.437819e-01,1.305478e-01,9.240222e-02,-6.976225e-02,-5.947852e-01,-6.089125e-01,
6.617094e-02,-8.028824e-01,2.015335e-03,2.656708e-01,-8.865897e-02,-1.238722e-01,-1.608301e-01,-2.107442e-01,-2.422582e-01,-2.183267e-01,-1.295348e-01,-5.421099e-02,-5.182130e-02,-6.650730e-02,-6.424006e-02,-6.128834e-02,-6.974680e-02,-1.136490e-01,-1.827893e-01,-2.066850e-01,-2.174013e-01,-2.425194e-01,-2.011319e-01,-1.314421e-01,-1.804802e-01,-1.831023e-01,-1.788537e-01,-2.150197e-01,-2.932895e-01,-3.308529e-01,-1.679099e-01,5.897764e-02,2.820746e-02,6.025730e-02,4.622330e-02,-7.447982e-02,-1.572792e-01,-1.576216e-01,-1.916169e-01,-2.513311e-01,-3.466834e-01,-3.529080e-01,-3.084617e-01,-2.456772e-01,-3.120330e-02,-1.149734e-01,-3.126086e-02,1.645696e-02,-4.338221e-02,1.591318e-01,2.955310e-01,5.965868e-02,4.504742e-02,-4.257175e-02,-1.073511e-01,-1.132507e-01,-7.573330e-02,-2.133619e-01,-1.791007e-01,-1.534197e-01,-1.409203e-01,4.623930e-02,2.127842e-02,-8.293041e-02,-4.365823e-01,-3.734103e-01,
2.345086e-02,-5.810536e-01,-5.589403e-02,1.520967e-01,-8.729348e-04,-2.396977e-02,-3.836715e-02,-6.362568e-02,-9.021864e-02,-9.140836e-02,-5.251222e-02,-9.662652e-03,1.222239e-03,-3.782298e-03,-4.747765e-03,-3.010428e-03,-5.890251e-03,-2.568789e-02,-5.447148e-02,-6.666763e-02,-7.422301e-02,-9.494310e-02,-8.294452e-02,-5.639122e-02,-7.540530e-02,-7.631924e-02,-4.865833e-02,-4.398620e-02,-1.039148e-01,-1.406883e-01,-5.074049e-02,7.128583e-02,6.364076e-02,9.307504e-02,7.591284e-02,-1.372647e-02,-8.048214e-02,-7.445685e-02,-9.554496e-02,-1.360883e-01,-1.972654e-01,-2.301296e-01,-2.256388e-01,-1.848923e-01,-5.234700e-02,-9.884294e-02,-4.502280e-02,-2.405150e-02,-7.503857e-02,1.992906e-02,1.129320e-01,1.987426e-04,2.141014e-02,-4.330566e-02,-1.239843e-01,-1.344526e-01,-1.126376e-01,-1.644759e-01,-1.447439e-01,-1.520933e-01,-1.368879e-01,-2.599517e-02,-4.862862e-02,-9.656065e-02,-2.550981e-01,-1.449718e-01,
4.565314e-02,-4.509286e-01,-1.118447e-01,2.426977e-02,-4.119735e-02,-4.764493e-02,-3.744512e-02,-3.955663e-02,-5.998991e-02,-7.336016e-02,-5.959562e-02,-3.173498e-02,-1.648492e-02,-1.361881e-02,-1.979385e-02,-2.062084e-02,-1.227626e-02,-9.225450e-03,-1.116633e-02,-1.210665e-02,-1.966333e-02,-2.986304e-02,-2.236254e-02,-2.299959e-02,-9.826898e-02,-1.068318e-01,-6.113908e-02,3.472755e-03,-4.095476e-02,-7.761416e-02,-2.860025e-02,3.887118e-02,4.233123e-02,6.516500e-02,4.874631e-02,-1.022902e-02,-4.865092e-02,-2.812045e-02,-4.576952e-02,-7.237066e-02,-1.020164e-01,-1.091510e-01,-1.245843e-01,-1.136940e-01,-1.283842e-03,-4.513012e-02,3.729264e-02,1.581374e-02,-6.979224e-02,-4.549853e-02,1.473232e-02,-3.278707e-02,3.236441e-02,-5.086390e-02,-1.219986e-01,-1.114992e-01,-8.595588e-02,-7.166941e-02,-7.538944e-02,-1.265939e-01,-9.711191e-02,-2.235386e-02,-5.102050e-02,-6.791797e-02,-8.281340e-02,-1.101467e-01,
1.234661e-01,-4.393194e-01,-1.683756e-01,-6.110960e-02,-1.800578e-01,-1.698281e-01,-1.357563e-01,-1.233870e-01,-1.428386e-01,-1.554148e-01,-1.387837e-01,-1.047998e-01,-8.634906e-02,-7.961966e-02,-9.089967e-02,-9.004917e-02,-7.114853e-02,-5.555692e-02,-4.977620e-02,-4.375043e-02,-5.508953e-02,-5.362531e-02,-3.149655e-02,-3.266189e-02,-2.390654e-01,-2.571386e-01,-1.914404e-01,-6.409377e-02,-1.040122e-01,-1.387760e-01,-8.991181e-02,-1.947964e-02,-1.861698e-02,-4.080314e-03,-1.736865e-02,-5.922604e-02,-7.415045e-02,-3.515891e-02,-5.508757e-02,-7.898600e-02,-9.617169e-02,-4.664616e-02,-4.218508e-02,-5.361156e-02,1.118986e-01,6.197883e-02,2.013605e-01,1.168626e-01,-2.661935e-02,-2.706919e-02,3.143403e-02,-1.701957e-02,8.584528e-02,-4.987774e-02,-8.820420e-02,-5.561611e-02,-1.128582e-02,4.644363e-02,1.210264e-02,-7.951127e-02,-1.887419e-02,5.816173e-02,2.283837e-02,5.376718e-03,6.367071e-02,-2.574127e-01,
1.779380e-01,-4.603575e-01,-1.842596e-01,-7.745454e-02,-2.861025e-01,-2.696534e-01,-2.266028e-01,-2.121756e-01,-2.331832e-01,-2.379442e-01,-2.066738e-01,-1.609116e-01,-1.405190e-01,-1.333465e-01,-1.476734e-01,-1.432985e-01,-1.187383e-01,-9.958507e-02,-9.646483e-02,-8.926101e-02,-1.030934e-01,-9.268183e-02,-5.568929e-02,-4.683567e-02,-3.559749e-01,-3.800492e-01,-3.072530e-01,-1.525156e-01,-1.944405e-01,-2.281320e-01,-1.610177e-01,-6.166313e-02,-6.513090e-02,-5.503621e-02,-6.599397e-02,-1.000657e-01,-1.019301e-01,-5.398284e-02,-7.646007e-02,-1.015246e-01,-1.132961e-01,-2.225845e-02,5.592251e-03,-1.481014e-02,1.923454e-01,1.419590e-01,3.147536e-01,1.962236e-01,2.859295e-02,2.560713e-02,9.720240e-02,2.084250e-02,1.276432e-01,-4.472165e-02,-5.623834e-02,-1.194191e-02,5.761817e-02,1.202839e-01,6.625000e-02,-4.297671e-02,3.909707e-02,1.313449e-01,9.171873e-02,6.105071e-02,1.313730e-01,-3.878036e-01,
1.909857e-01,-4.877380e-01,-1.562160e-01,-4.305893e-02,-3.255026e-01,-3.131510e-01,-2.773645e-01,-2.705425e-01,-2.925123e-01,-2.865504e-01,-2.378023e-01,-1.818497e-01,-1.626756e-01,-1.577269e-01,-1.724766e-01,-1.661242e-01,-1.409621e-01,-1.252077e-01,-1.311924e-01,-1.272682e-01,-1.411454e-01,-1.266321e-01,-7.945596e-02,-5.873777e-02,-4.027039e-01,-4.290117e-01,-3.661826e-01,-2.231996e-01,-2.689571e-01,-3.028218e-01,-2.124604e-01,-7.710259e-02,-8.441881e-02,-7.445401e-02,-8.409675e-02,-1.174696e-01,-1.157313e-01,-7.016883e-02,-9.518510e-02,-1.222967e-01,-1.324519e-01,-2.500100e-02,1.373269e-02,-4.533793e-03,2.126032e-01,1.596335e-01,3.385538e-01,2.272759e-01,7.047324e-02,8.332440e-02,1.683766e-01,5.541538e-02,1.381994e-01,-4.208789e-02,-4.172914e-02,6.918353e-03,9.679710e-02,1.292308e-01,7.312438e-02,-2.915573e-02,5.440400e-02,1.662264e-01,1.244634e-01,7.724385e-02,1.060582e-01,-4.494183e-01,
