OID,FID,GRP,LYR
1,18053,-1,-1,
2,18054,-1,-1,
3,18055,-1,-1,
4,18057,-1,-1,
5,18058,-1,-1,
6,18059,-1,-1,
7,18060,-1,-1,
8,18061,-1,-1,
9,18062,-1,-1,
10,18063,-1,-1,
11,18064,-1,-1,
12,18065,-1,-1,
13,18066,-1,-1,
14,18067,-1,-1,
15,18068,-1,-1,
16,18069,-1,-1,
17,18070,-1,-1,
18,18071,-1,-1,
19,18072,-1,-1,
20,18074,-1,-1,
21,18075,-1,-1,
22,18076,-1,-1,
23,18077,-1,-1,
24,18078,-1,-1,
25,18080,-1,-1,
26,18081,-1,-1,
27,18082,-1,-1,
28,18083,-1,-1,
29,18084,-1,-1,
30,18085,-1,-1,
31,18086,-1,-1,
32,18087,-1,-1,
33,18088,-1,-1,
34,18089,-1,-1,
35,18090,-1,-1,
36,18092,-1,-1,
37,18093,-1,-1,
38,18094,-1,-1,
39,18096,-1,-1,
40,18097,-1,-1,
41,18099,-1,-1,
42,18100,-1,-1,
43,18101,-1,-1,
44,18102,-1,-1,
45,18103,-1,-1,
46,18104,-1,-1,
47,18105,-1,-1,
48,18107,-1,-1,
49,18108,-1,-1,
50,18109,-1,-1,
51,18110,-1,-1,
52,18111,-1,-1,
53,18112,-1,-1,
54,18113,-1,-1,
55,18114,-1,-1,
56,18115,-1,-1,
57,18116,-1,-1,
58,18117,-1,-1,
59,18118,-1,-1,
60,18119,-1,-1,
61,18120,-1,-1,
62,18121,0,0,
63,18122,-1,-1,
64,18124,-1,-1,
65,18125,-1,-1,
66,18126,-1,-1,
67,18127,-1,-1,
68,18129,1,0,
69,18130,2,0,
70,18131,1,1,
71,18132,1,1,
72,18133,3,0,
73,18134,1,1,
74,18135,-1,-1,
75,18136,1,1,
76,18137,0,1,
77,18138,-1,-1,
78,18139,1,1,
79,18140,1,1,
80,18141,-1,-1,
81,18142,0,1,
82,18143,-1,-1,
83,18144,4,0,
84,18145,-1,-1,
85,18146,-1,-1,
86,18147,-1,-1,
87,18148,-1,-1,
88,18149,-1,-1,
89,18150,1,2,
90,18151,-1,-1,
91,18152,-1,-1,
92,18153,1,2,
93,18154,5,0,
94,18155,1,2,
95,18156,6,0,
96,18157,-1,-1,
97,18158,3,1,
98,18159,7,0,
99,18160,1,3,
100,18161,1,3,
101,18162,1,3,
102,18163,1,3,
103,18164,3,1,
104,18165,-1,-1,
105,18166,8,0,
106,18167,9,0,
107,18168,3,1,
108,18169,-1,-1,
109,18170,10,0,
110,18171,3,1,
111,18172,3,1,
112,18173,1,3,
113,18174,1,3,
114,18175,1,3,
115,18176,11,0,
116,18177,1,3,
117,18178,1,3,
118,18179,1,3,
119,18180,3,1,
120,18181,-1,-1,
121,18182,1,3,
122,18183,1,3,
123,18184,1,3,
124,18185,-1,-1,
125,18186,1,3,
126,18187,-1,-1,
127,18188,3,2,
128,18189,-1,-1,
129,18190,-1,-1,
130,18191,1,4,
131,18192,-1,-1,
132,18193,-1,-1,
133,18194,3,2,
134,18195,6,1,
135,18196,-1,-1,
136,18197,-1,-1,
137,18198,12,0,
138,18199,1,4,
139,18200,-1,-1,
140,18201,1,4,
141,18202,9,1,
142,18203,1,4,
143,18204,1,4,
144,18205,3,2,
145,18206,6,1,
146,18207,6,1,
147,18208,3,3,
148,18209,9,1,
149,18210,-1,-1,
150,18211,-1,-1,
151,18212,13,0,
152,18213,-1,-1,
153,18214,9,1,
154,18215,9,1,
155,18216,3,3,
156,18217,-1,-1,
157,18218,1,5,
158,18219,3,3,
159,18220,3,3,
160,18221,-1,-1,
161,18222,1,5,
162,18223,3,3,
163,18224,9,2,
164,18225,6,2,
165,18226,14,0,
166,18227,1,5,
167,18228,4,1,
168,18229,9,1,
169,18230,4,1,
170,18231,15,0,
171,18232,16,0,
172,18233,-1,-1,
173,18234,6,2,
174,18235,3,3,
175,18236,17,0,
176,18237,6,2,
177,18238,3,3,
178,18239,18,0,
179,18240,6,2,
180,18241,1,5,
181,18242,19,0,
182,18243,3,4,
183,18244,5,1,
184,18245,6,2,
185,18246,-1,-1,
186,18247,20,0,
187,18248,6,2,
188,18249,3,4,
189,18250,21,0,
190,18251,1,5,
191,18252,22,0,
192,18253,6,2,
193,18254,1,6,
194,18255,6,2,
195,18256,6,2,
196,18257,23,0,
197,18258,1,6,
198,18259,3,4,
199,18260,-1,-1,
200,18261,9,2,
201,18262,9,2,
202,18263,6,3,
203,18264,6,3,
204,18265,6,3,
205,18266,9,3,
206,18267,6,3,
207,18268,-1,-1,
208,18269,24,0,
209,18270,3,4,
210,18271,1,6,
211,18272,9,3,
212,18273,5,1,
213,18274,25,0,
214,18275,26,0,
215,18276,3,4,
216,18277,9,3,
217,18278,6,3,
218,18279,9,3,
219,18280,6,3,
220,18281,-1,-1,
221,18282,7,1,
222,18283,9,3,
223,18284,17,1,
224,18285,11,1,
225,18286,9,3,
226,18287,1,6,
227,18288,17,1,
228,18289,7,1,
229,18290,17,1,
230,18291,17,1,
231,18292,1,6,
232,18293,9,1,
233,18294,-1,-1,
234,18295,9,1,
235,18296,7,1,
236,18297,3,5,
237,18298,1,6,
238,18299,14,1,
239,18300,6,3,
240,18301,-1,-1,
241,18302,3,5,
242,18303,9,3,
243,18304,13,1,
244,18305,3,5,
245,18306,3,5,
246,18307,17,1,
247,18308,27,0,
248,18309,9,3,
249,18310,-1,-1,
250,18311,16,1,
251,18312,9,3,
252,18313,1,6,
253,18314,28,0,
254,18315,-1,-1,
255,18316,9,3,
256,18318,9,3,
257,18319,-1,-1,
258,18320,9,3,
259,18321,29,0,
260,18322,30,0,
261,18323,31,0,
262,18324,32,0,
263,18325,1,7,
264,18326,6,4,
265,18327,-1,-1,
266,18328,16,1,
267,18329,9,4,
268,18330,16,1,
269,18331,9,4,
270,18332,33,0,
271,18333,9,4,
272,18334,1,6,
273,18335,1,6,
274,18336,6,4,
275,18337,7,2,
276,18338,9,2,
277,18339,5,2,
278,18340,1,7,
279,18341,6,4,
280,18342,3,5,
281,18343,1,6,
282,18344,13,1,
283,18346,7,2,
284,18347,3,6,
285,18349,1,6,
286,18350,24,1,
287,18351,34,0,
288,18352,1,7,
289,18353,1,7,
290,18354,1,6,
291,18355,-1,-1,
292,18356,7,2,
293,18357,35,0,
294,18358,5,2,
295,18359,3,6,
296,18360,14,2,
297,18361,1,7,
298,18362,1,7,
299,18363,7,2,
300,18364,1,7,
301,18365,36,0,
302,18366,3,6,
303,18367,24,1,
304,18368,1,7,
305,18369,17,2,
306,18370,24,1,
307,18371,7,2,
308,18372,1,7,
309,18373,7,2,
310,18374,14,2,
311,18375,5,2,
312,18376,1,6,
313,18377,7,2,
314,18378,3,6,
315,18379,37,0,
316,18380,14,2,
317,18381,7,2,
318,18382,24,1,
319,18383,7,2,
320,18384,1,7,
321,18385,6,5,
322,18386,5,2,
323,18387,1,7,
324,18388,27,1,
325,18389,5,2,
326,18390,24,1,
327,18391,5,2,
328,18392,7,2,
329,18393,14,2,
330,18394,-1,-1,
331,18395,1,7,
332,18396,38,0,
333,18397,14,2,
334,18398,1,8,
335,18399,31,1,
336,18400,24,1,
337,18401,39,0,
338,18402,6,5,
339,18403,5,2,
340,18404,5,3,
341,18406,16,2,
342,18407,16,2,
343,18408,40,0,
344,18409,14,2,
345,18410,14,2,
346,18411,41,0,
347,18412,5,3,
348,18413,1,8,
349,18414,-1,-1,
350,18415,14,2,
351,18416,1,8,
352,18417,26,1,
353,18418,5,3,
354,18419,1,8,
355,18420,42,0,
356,18421,1,8,
357,18422,1,8,
358,18423,14,2,
359,18424,-1,-1,
360,18425,14,2,
361,18426,7,3,
362,18427,-1,-1,
363,18428,1,8,
364,18429,6,5,
365,18430,-1,-1,
366,18431,1,8,
367,18432,22,1,
368,18433,5,1,
369,18434,-1,-1,
370,18435,1,8,
371,18436,1,8,
372,18437,43,0,
373,18439,44,0,
374,18440,5,3,
375,18441,1,8,
376,18442,6,5,
377,18443,26,1,
378,18444,22,1,
379,18445,5,3,
380,18446,16,2,
381,18447,45,0,
382,18448,15,1,
383,18449,1,7,
384,18450,1,8,
385,18451,46,0,
386,18452,26,1,
387,18453,47,0,
388,18454,-1,-1,
389,18455,26,1,
390,18456,14,3,
391,18457,48,0,
392,18458,7,2,
393,18459,-1,-1,
394,18460,1,8,
395,18461,14,3,
396,18462,16,2,
397,18463,26,1,
398,18464,6,5,
399,18465,49,0,
400,18466,50,0,
401,18467,51,0,
402,18468,1,7,
403,18469,3,7,
404,18470,24,2,
405,18471,1,8,
406,18472,52,0,
407,18473,11,2,
408,18474,1,8,
409,18475,15,1,
410,18476,53,0,
411,18477,35,1,
412,18478,32,1,
413,18479,-1,-1,
414,18480,7,3,
415,18481,1,8,
416,18482,1,8,
417,18483,13,2,
418,18484,15,1,
419,18485,7,3,
420,18486,1,8,
421,18487,3,7,
422,18488,3,7,
423,18489,3,7,
424,18490,7,3,
425,18491,7,3,
426,18492,5,3,
427,18493,5,3,
428,18494,31,2,
429,18495,17,3,
430,18496,7,3,
431,18497,-1,-1,
432,18498,26,1,
433,18499,7,3,
434,18500,36,1,
435,18501,13,2,
436,18502,1,9,
437,18503,34,1,
438,18504,16,2,
439,18505,7,3,
440,18506,6,6,
441,18507,32,1,
442,18508,7,3,
443,18509,7,3,
444,18510,38,1,
445,18511,3,7,
446,18512,3,7,
447,18513,38,1,
448,18514,16,2,
449,18515,-1,-1,
450,18516,7,3,
451,18517,1,9,
452,18518,38,1,
453,18519,16,3,
454,18520,7,3,
455,18521,7,3,
456,18522,7,3,
457,18523,-1,-1,
458,18524,7,3,
459,18525,32,1,
460,18526,35,1,
461,18527,-1,-1,
462,18528,5,4,
463,18529,5,2,
464,18530,32,1,
465,18531,3,7,
466,18532,7,3,
467,18533,3,7,
468,18534,7,3,
469,18535,32,1,
470,18536,7,3,
471,18537,7,3,
472,18538,1,9,
473,18539,13,2,
474,18540,25,1,
475,18541,14,3,
476,18542,1,9,
477,18543,-1,-1,
478,18544,7,3,
479,18545,3,7,
480,18546,1,9,
481,18547,7,3,
482,18548,5,4,
483,18549,16,3,
484,18550,5,4,
485,18551,7,3,
486,18552,7,3,
487,18553,15,2,
488,18554,3,7,
489,18555,1,9,
490,18556,1,8,
491,18557,5,4,
492,18558,3,7,
493,18559,7,3,
494,18560,7,3,
495,18561,46,1,
496,18562,5,4,
497,18563,5,4,
498,18564,5,4,
499,18565,54,0,
500,18566,6,6,
501,18567,3,7,
502,18568,26,2,
503,18569,7,3,
504,18570,5,4,
505,18571,26,2,
506,18572,3,7,
507,18573,1,9,
508,18574,15,2,
509,18575,1,9,
510,18576,26,2,
511,18577,5,4,
512,18578,7,3,
513,18579,26,2,
514,18580,7,3,
515,18581,1,8,
516,18582,16,3,
517,18583,7,3,
518,18584,7,3,
519,18585,26,2,
520,18586,1,9,
521,18587,38,1,
522,18588,38,1,
523,18589,5,4,
524,18590,26,2,
525,18591,14,3,
526,18592,5,4,
527,18593,1,8,
528,18594,1,9,
529,18595,7,3,
530,18596,13,2,
531,18597,26,2,
532,18598,3,8,
533,18599,6,6,
534,18600,1,9,
535,18601,1,9,
536,18602,5,4,
537,18603,3,8,
538,18604,38,1,
539,18605,-1,-1,
540,18606,1,9,
541,18607,7,3,
542,18608,1,9,
543,18609,5,4,
544,18610,3,8,
545,18611,6,6,
546,18613,5,4,
547,18614,16,3,
548,18615,7,3,
549,18616,38,1,
550,18617,15,2,
551,18618,7,3,
552,18619,5,2,
553,18620,1,8,
554,18621,3,8,
555,18622,7,4,
556,18623,5,4,
557,18624,7,3,
558,18625,7,4,
559,18626,3,8,
560,18627,1,10,
561,18628,7,4,
562,18629,55,0,
563,18630,1,9,
564,18631,5,4,
565,18632,7,4,
566,18633,56,0,
567,18634,3,8,
568,18635,7,4,
569,18636,7,4,
570,18637,7,4,
571,18638,5,4,
572,18639,3,8,
573,18640,7,4,
574,18641,22,2,
575,18642,7,3,
576,18643,7,4,
577,18644,7,4,
578,18645,16,3,
579,18646,7,4,
580,18647,14,3,
581,18648,3,8,
582,18649,5,4,
583,18650,7,4,
584,18651,5,4,
585,18652,5,4,
586,18653,-1,-1,
587,18654,1,9,
588,18655,7,4,
589,18656,35,2,
590,18657,7,3,
591,18658,38,2,
592,18659,7,4,
593,18660,3,8,
594,18661,5,4,
595,18662,7,4,
596,18663,7,4,
597,18664,3,8,
598,18665,1,7,
599,18666,57,0,
600,18667,-1,-1,
601,18668,7,4,
602,18669,5,4,
603,18670,58,0,
604,18671,7,4,
605,18672,1,9,
606,18673,7,4,
607,18674,7,4,
608,18675,1,10,
609,18676,31,3,
610,18677,5,2,
611,18678,46,1,
612,18679,5,2,
613,18680,3,8,
614,18681,3,8,
615,18682,1,10,
616,18683,5,4,
617,18684,7,4,
618,18685,59,0,
619,18686,7,4,
620,18687,14,3,
621,18688,7,4,
622,18689,1,10,
623,18690,7,4,
624,18691,15,2,
625,18692,1,9,
626,18693,7,4,
627,18694,-1,-1,
628,18695,7,4,
629,18696,60,0,
630,18697,13,3,
631,18698,1,10,
632,18699,42,1,
633,18700,5,2,
634,18701,7,3,
635,18702,1,10,
636,18703,7,4,
637,18704,5,2,
638,18705,5,5,
639,18706,31,1,
640,18707,38,2,
641,18708,-1,-1,
642,18709,7,4,
643,18710,61,0,
644,18711,-1,-1,
645,18712,5,5,
646,18713,-1,-1,
647,18714,-1,-1,
648,18715,38,2,
649,18716,17,4,
650,18717,-1,-1,
651,18718,7,4,
652,18719,62,0,
653,18720,5,5,
654,18721,7,4,
655,18722,-1,-1,
656,18723,6,7,
657,18724,7,4,
658,18725,7,4,
659,18726,7,4,
660,18727,6,7,
661,18728,7,4,
662,18729,7,4,
663,18730,7,4,
664,18731,63,0,
665,18732,7,4,
666,18733,-1,-1,
667,18734,3,8,
668,18735,11,3,
669,18736,3,8,
670,18737,5,3,
671,18738,6,7,
672,18739,1,10,
673,18740,7,4,
674,18741,3,8,
675,18742,7,4,
676,18743,3,8,
677,18744,42,1,
678,18745,1,10,
679,18746,-1,-1,
680,18747,7,4,
681,18748,3,8,
682,18749,3,8,
683,18750,35,2,
684,18751,7,4,
685,18752,1,10,
686,18753,7,4,
687,18754,13,3,
688,18755,7,4,
689,18756,15,3,
690,18757,7,4,
691,18758,1,10,
692,18759,7,4,
693,18760,-1,-1,
694,18761,1,10,
695,18762,3,8,
696,18763,1,10,
697,18764,7,4,
698,18765,7,4,
699,18766,1,10,
700,18767,7,4,
701,18768,64,0,
702,18769,11,3,
703,18770,54,1,
704,18771,65,0,
705,18772,7,4,
706,18773,1,10,
707,18774,-1,-1,
708,18775,13,3,
709,18776,3,9,
710,18777,5,2,
711,18778,5,2,
712,18779,1,7,
713,18780,7,4,
714,18781,7,4,
715,18782,5,3,
716,18783,5,3,
717,18784,1,10,
718,18785,36,2,
719,18786,7,4,
720,18787,3,9,
721,18788,1,10,
722,18789,5,5,
723,18790,7,4,
724,18791,38,2,
725,18792,25,2,
726,18793,13,3,
727,18794,7,4,
728,18795,3,9,
729,18796,-1,-1,
730,18797,7,4,
731,18798,3,9,
732,18799,7,4,
733,18800,7,4,
734,18801,1,10,
735,18802,15,3,
736,18803,3,9,
737,18804,7,4,
738,18805,-1,-1,
739,18806,1,10,
740,18807,1,11,
741,18808,7,5,
742,18809,1,10,
743,18810,66,0,
744,18811,7,4,
745,18812,1,10,
746,18813,67,0,
747,18814,1,10,
748,18815,13,3,
749,18816,1,10,
750,18817,7,4,
751,18818,7,4,
752,18819,-1,-1,
753,18820,1,10,
754,18821,5,5,
755,18822,38,2,
756,18823,-1,-1,
757,18824,7,4,
758,18825,7,5,
759,18826,1,10,
760,18827,6,7,
761,18828,7,5,
762,18829,1,10,
763,18830,-1,-1,
764,18831,3,9,
765,18832,1,10,
766,18833,54,1,
767,18834,7,4,
768,18835,7,4,
769,18836,1,11,
770,18837,7,4,
771,18838,46,1,
772,18839,7,4,
773,18840,7,4,
774,18841,-1,-1,
775,18842,7,4,
776,18843,1,11,
777,18844,3,9,
778,18845,68,0,
779,18846,5,3,
780,18847,7,5,
781,18848,5,6,
782,18849,7,4,
783,18850,7,4,
784,18851,1,10,
785,18852,7,4,
786,18853,5,6,
787,18854,25,2,
788,18855,1,11,
789,18856,7,5,
790,18857,7,4,
791,18858,16,4,
792,18859,3,9,
793,18860,5,6,
794,18861,15,3,
795,18862,1,8,
796,18863,7,4,
797,18864,-1,-1,
798,18865,7,4,
799,18866,7,4,
800,18867,5,6,
801,18868,7,4,
802,18869,1,11,
803,18870,7,4,
804,18871,1,11,
805,18872,1,11,
806,18873,16,4,
807,18874,7,5,
808,18875,1,11,
809,18876,-1,-1,
810,18877,7,4,
811,18878,7,5,
812,18879,7,4,
813,18880,7,5,
814,18881,11,4,
815,18882,69,0,
816,18883,13,4,
817,18884,7,5,
818,18885,1,10,
819,18886,3,9,
820,18887,7,4,
821,18889,3,9,
822,18890,-1,-1,
823,18891,7,4,
824,18892,3,9,
825,18893,1,11,
826,18894,1,11,
827,18895,62,1,
828,18896,1,11,
829,18897,1,11,
830,18898,3,9,
831,18899,7,4,
832,18900,7,5,
833,18901,7,4,
834,18902,3,9,
835,18903,7,4,
836,18904,1,11,
837,18905,1,11,
838,18906,7,4,
839,18907,-1,-1,
840,18908,13,3,
841,18909,-1,-1,
842,18910,7,4,
843,18911,47,1,
844,18912,1,10,
845,18913,7,4,
846,18914,1,11,
847,18915,16,4,
848,18916,7,4,
849,18917,70,0,
850,18918,7,4,
851,18919,1,11,
852,18920,-1,-1,
853,18921,-1,-1,
854,18922,3,9,
855,18923,6,8,
856,18924,7,4,
857,18925,-1,-1,
858,18926,7,4,
859,18927,1,11,
860,18928,3,10,
861,18929,3,10,
862,18930,7,5,
863,18931,16,4,
864,18932,7,5,
865,18933,7,4,
866,18934,1,8,
867,18935,65,1,
868,18936,1,11,
869,18937,3,9,
870,18938,47,1,
871,18939,7,4,
872,18940,5,3,
873,18941,7,5,
874,18942,1,11,
875,18943,7,4,
876,18944,1,11,
877,18945,16,4,
878,18946,1,11,
879,18947,1,11,
880,18948,7,5,
881,18949,7,4,
882,18950,1,11,
883,18951,7,5,
884,18952,7,4,
885,18953,7,4,
886,18954,7,5,
887,18955,7,4,
888,18956,3,10,
889,18957,1,11,
890,18958,-1,-1,
891,18959,1,11,
892,18960,7,5,
893,18961,3,10,
894,18962,31,4,
895,18963,7,5,
896,18964,17,5,
897,18965,-1,-1,
898,18966,1,11,
899,18967,7,5,
900,18968,63,1,
901,18969,3,9,
902,18970,71,0,
903,18971,3,10,
904,18972,1,11,
905,18973,31,4,
906,18974,7,5,
907,18975,1,11,
908,18976,1,11,
909,18977,72,0,
910,18978,1,11,
911,18979,1,11,
912,18980,7,5,
913,18981,63,1,
914,18982,7,5,
915,18983,59,1,
916,18984,1,11,
917,18985,7,5,
918,18986,1,11,
919,18987,3,10,
920,18988,36,3,
921,18989,1,10,
922,18990,1,11,
923,18991,1,11,
924,18992,16,4,
925,18993,38,3,
926,18994,7,5,
927,18995,7,5,
928,18996,16,4,
929,18997,1,11,
930,18998,7,5,
931,18999,35,3,
932,19000,3,10,
933,19001,7,5,
934,19002,1,11,
935,19003,13,4,
936,19004,1,11,
937,19005,7,5,
938,19006,31,4,
939,19007,1,11,
940,19008,7,5,
941,19009,1,11,
942,19010,7,5,
943,19011,7,5,
944,19012,13,4,
945,19013,3,10,
946,19014,-1,-1,
947,19015,1,11,
948,19016,3,10,
949,19017,1,11,
950,19018,3,10,
951,19019,31,2,
952,19020,7,5,
953,19021,73,0,
954,19022,7,5,
955,19023,1,11,
956,19024,1,12,
957,19025,7,5,
958,19026,-1,-1,
959,19027,7,5,
960,19028,58,1,
961,19029,1,11,
962,19030,1,11,
963,19031,74,0,
964,19032,75,0,
965,19033,1,8,
966,19034,16,4,
967,19035,1,11,
968,19036,1,11,
969,19037,1,11,
970,19038,1,11,
971,19039,1,11,
972,19040,53,1,
973,19041,1,11,
974,19042,7,5,
975,19043,7,5,
976,19044,1,11,
977,19045,7,5,
978,19046,7,6,
979,19047,-1,-1,
980,19048,31,4,
981,19049,31,4,
982,19050,3,10,
983,19051,1,8,
984,19052,1,11,
985,19053,16,4,
986,19054,1,11,
987,19055,1,11,
988,19056,1,11,
989,19057,7,5,
990,19058,7,5,
991,19059,3,10,
992,19060,76,0,
993,19061,25,3,
994,19062,1,11,
995,19063,7,5,
996,19064,53,1,
997,19065,1,11,
998,19066,7,5,
999,19067,3,10,
1000,19068,3,10,
1001,19069,7,5,
1002,19070,7,5,
1003,19071,7,6,
1004,19072,3,10,
1005,19073,7,6,
1006,19074,3,9,
1007,19075,-1,-1,
1008,19076,1,11,
1009,19077,1,11,
1010,19078,1,11,
1011,19079,1,11,
1012,19080,1,11,
1013,19081,1,11,
1014,19082,3,10,
1015,19083,3,10,
1016,19084,3,10,
1017,19085,1,11,
1018,19086,1,12,
1019,19087,1,12,
1020,19088,25,3,
1021,19089,1,11,
1022,19090,77,0,
1023,19091,1,11,
1024,19092,1,7,
1025,19093,1,11,
1026,19094,1,11,
1027,19096,1,11,
1028,19097,7,5,
1029,19098,1,11,
1030,19099,25,3,
1031,19100,1,11,
1032,19101,1,11,
1033,19102,1,12,
1034,19103,1,11,
1035,19104,1,11,
1036,19105,1,11,
1037,19106,3,10,
1038,19107,3,10,
1039,19108,7,6,
1040,19109,1,11,
1041,19110,1,11,
1042,19111,1,11,
1043,19112,78,0,
1044,19113,1,11,
1045,19114,59,1,
1046,19115,1,11,
1047,19116,1,11,
1048,19117,13,4,
1049,19118,1,12,
1050,19119,3,10,
1051,19120,1,11,
1052,19121,7,6,
1053,19122,1,11,
1054,19123,1,11,
1055,19124,1,11,
1056,19125,1,11,
1057,19126,1,11,
1058,19127,-1,-1,
1059,19128,1,11,
1060,19129,79,0,
1061,19130,36,3,
1062,19131,80,0,
1063,19132,34,2,
1064,19133,1,12,
1065,19134,1,12,
1066,19135,1,12,
1067,19136,1,12,
1068,19137,3,10,
1069,19138,1,11,
1070,19139,7,6,
1071,19140,1,11,
1072,19141,1,11,
1073,19142,15,4,
1074,19143,3,10,
1075,19144,16,5,
1076,19145,1,12,
1077,19146,1,11,
1078,19147,15,4,
1079,19148,3,10,
1080,19149,66,1,
1081,19150,1,12,
1082,19151,31,4,
1083,19152,1,12,
1084,19153,3,10,
1085,19154,1,12,
1086,19155,1,11,
1087,19156,3,10,
1088,19157,1,12,
1089,19158,-1,-1,
1090,19159,1,11,
1091,19160,1,12,
1092,19161,1,12,
1093,19162,-1,-1,
1094,19163,7,4,
1095,19164,1,12,
1096,19165,1,12,
1097,19166,1,12,
1098,19167,81,0,
1099,19169,1,12,
1100,19170,5,3,
1101,19171,1,12,
1102,19172,1,8,
1103,19173,7,6,
1104,19174,1,12,
1105,19176,-1,-1,
1106,19177,82,0,
1107,19178,31,2,
1108,19179,3,10,
1109,19180,1,12,
1110,19181,1,12,
1111,19182,3,10,
1112,19183,1,12,
1113,19184,1,12,
1114,19185,1,12,
1115,19186,3,10,
1116,19187,7,6,
1117,19188,3,9,
1118,19189,1,12,
1119,19190,7,5,
1120,19191,3,11,
1121,19192,1,12,
1122,19193,-1,-1,
1123,19194,1,12,
1124,19195,1,12,
1125,19196,16,5,
1126,19197,6,9,
1127,19198,-1,-1,
1128,19199,3,10,
1129,19200,7,6,
1130,19201,1,12,
1131,19202,1,12,
1132,19203,1,12,
1133,19204,3,11,
1134,19205,13,5,
1135,19206,1,12,
1136,19207,1,12,
1137,19208,1,11,
1138,19209,1,12,
1139,19210,83,0,
1140,19211,1,12,
1141,19212,16,5,
1142,19213,1,12,
1143,19214,1,12,
1144,19215,7,6,
1145,19216,7,6,
1146,19217,1,12,
1147,19218,1,12,
1148,19219,5,4,
1149,19220,1,12,
1150,19221,1,12,
1151,19222,84,0,
1152,19223,3,11,
1153,19224,1,12,
1154,19225,1,12,
1155,19226,1,11,
1156,19227,1,12,
1157,19228,3,11,
1158,19229,1,12,
1159,19230,1,12,
1160,19231,1,12,
1161,19232,1,12,
1162,19233,59,2,
1163,19234,1,12,
1164,19235,1,12,
1165,19236,1,12,
1166,19237,3,10,
1167,19238,1,11,
1168,19239,7,6,
1169,19240,1,12,
1170,19241,1,12,
1171,19242,3,11,
1172,19243,1,12,
1173,19244,1,9,
1174,19245,7,6,
1175,19246,1,12,
1176,19247,36,4,
1177,19248,1,12,
1178,19249,1,12,
1179,19250,1,12,
1180,19251,1,12,
1181,19252,-1,-1,
1182,19253,1,11,
1183,19254,1,12,
1184,19255,3,11,
1185,19256,1,12,
1186,19257,-1,-1,
1187,19258,1,11,
1188,19259,1,12,
1189,19260,1,12,
1190,19261,1,12,
1191,19262,50,1,
1192,19263,1,12,
1193,19264,1,12,
1194,19265,1,12,
1195,19266,1,12,
1196,19267,1,12,
1197,19268,1,12,
1198,19269,1,11,
1199,19270,1,12,
1200,19271,1,11,
1201,19272,58,2,
1202,19273,1,13,
1203,19274,1,12,
1204,19275,1,12,
1205,19276,1,12,
1206,19277,16,5,
1207,19278,13,5,
1208,19279,1,12,
1209,19280,16,5,
1210,19281,3,11,
1211,19282,1,8,
1212,19283,7,6,
1213,19284,1,12,
1214,19285,25,4,
1215,19286,1,12,
1216,19287,1,12,
1217,19288,3,10,
1218,19289,1,11,
1219,19290,-1,-1,
1220,19291,1,12,
1221,19292,1,13,
1222,19293,7,6,
1223,19294,3,11,
1224,19295,7,6,
1225,19296,59,2,
1226,19297,1,12,
1227,19298,1,12,
1228,19299,1,12,
1229,19300,3,11,
1230,19301,1,12,
1231,19302,1,12,
1232,19303,1,12,
1233,19304,1,12,
1234,19305,1,12,
1235,19306,11,5,
1236,19307,15,4,
1237,19308,15,4,
1238,19310,1,12,
1239,19311,1,12,
1240,19312,25,4,
1241,19313,1,12,
1242,19314,3,11,
1243,19315,24,3,
1244,19316,1,12,
1245,19317,1,12,
1246,19318,1,12,
1247,19319,1,12,
1248,19320,1,13,
1249,19321,1,13,
1250,19322,-1,-1,
1251,19323,1,13,
1252,19324,1,13,
1253,19325,1,12,
1254,19326,1,12,
1255,19327,-1,-1,
1256,19328,15,4,
1257,19329,1,13,
1258,19330,7,6,
1259,19331,13,4,
1260,19332,1,12,
1261,19333,58,2,
1262,19334,59,2,
1263,19335,68,1,
1264,19336,1,12,
1265,19337,1,12,
1266,19338,7,6,
1267,19339,5,4,
1268,19340,7,6,
1269,19341,31,5,
1270,19342,3,11,
1271,19343,1,12,
1272,19344,1,13,
1273,19345,1,12,
1274,19346,1,13,
1275,19347,15,4,
1276,19348,16,5,
1277,19349,16,5,
1278,19350,5,3,
1279,19351,1,12,
1280,19352,5,4,
1281,19353,58,2,
1282,19354,1,8,
1283,19355,1,12,
1284,19356,16,3,
1285,19357,1,12,
1286,19358,1,13,
1287,19359,3,11,
1288,19360,7,6,
1289,19361,1,12,
1290,19362,1,12,
1291,19363,1,12,
1292,19364,-1,-1,
1293,19365,1,13,
1294,19366,1,13,
1295,19367,-1,-1,
1296,19368,1,12,
1297,19369,7,7,
1298,19370,1,13,
1299,19371,1,12,
1300,19373,15,5,
1301,19374,1,13,
1302,19375,16,6,
1303,19376,1,13,
1304,19377,1,12,
1305,19378,3,11,
1306,19379,-1,-1,
1307,19380,1,12,
1308,19381,1,13,
1309,19382,1,12,
1310,19383,1,12,
1311,19384,1,12,
1312,19385,1,13,
1313,19386,7,7,
1314,19387,1,13,
1315,19388,25,4,
1316,19389,7,6,
1317,19390,1,13,
1318,19391,1,13,
1319,19392,36,4,
1320,19393,53,2,
1321,19394,1,13,
1322,19395,7,5,
1323,19396,3,11,
1324,19397,15,4,
1325,19398,16,3,
1326,19399,1,13,
1327,19400,1,13,
1328,19401,7,6,
1329,19402,3,11,
1330,19403,1,12,
1331,19404,1,13,
1332,19405,7,6,
1333,19406,1,12,
1334,19407,15,4,
1335,19408,1,12,
1336,19409,1,13,
1337,19410,1,12,
1338,19411,1,13,
1339,19412,-1,-1,
1340,19413,7,6,
1341,19414,3,11,
1342,19415,1,12,
1343,19416,1,13,
1344,19417,25,4,
1345,19418,1,12,
1346,19419,7,7,
1347,19420,1,13,
1348,19421,15,5,
1349,19422,1,13,
1350,19423,1,13,
1351,19424,1,13,
1352,19425,1,13,
1353,19426,1,13,
1354,19427,1,13,
1355,19428,1,13,
1356,19429,1,13,
1357,19430,1,12,
1358,19431,1,13,
1359,19432,1,12,
1360,19433,15,5,
1361,19434,7,7,
1362,19435,25,4,
1363,19436,1,13,
1364,19437,6,10,
1365,19438,1,13,
1366,19439,46,2,
1367,19440,7,7,
1368,19441,1,13,
1369,19442,1,12,
1370,19443,56,1,
1371,19444,1,13,
1372,19445,7,6,
1373,19446,1,13,
1374,19447,53,2,
1375,19448,25,4,
1376,19449,1,12,
1377,19450,7,7,
1378,19451,1,12,
1379,19452,16,6,
1380,19453,7,7,
1381,19454,1,13,
1382,19455,-1,-1,
1383,19456,1,13,
1384,19457,11,4,
1385,19458,1,9,
1386,19459,15,4,
1387,19460,-1,-1,
1388,19461,1,12,
1389,19462,1,13,
1390,19463,1,13,
1391,19464,53,2,
1392,19465,1,13,
1393,19466,1,13,
1394,19467,1,12,
1395,19468,7,7,
1396,19469,25,3,
1397,19470,1,13,
1398,19471,1,13,
1399,19472,1,13,
1400,19473,1,13,
1401,19474,1,12,
1402,19475,31,3,
1403,19476,1,13,
1404,19477,1,13,
1405,19478,15,5,
1406,19479,15,4,
1407,19480,7,7,
1408,19481,1,13,
1409,19482,1,13,
1410,19483,-1,-1,
1411,19484,3,12,
1412,19485,1,12,
1413,19486,1,13,
1414,19487,1,13,
1415,19488,-1,-1,
1416,19489,1,13,
1417,19490,1,12,
1418,19491,1,14,
1419,19492,1,9,
1420,19493,1,12,
1421,19494,1,14,
1422,19495,58,3,
1423,19496,-1,-1,
1424,19497,1,12,
1425,19498,3,12,
1426,19499,1,13,
1427,19500,25,4,
1428,19501,1,13,
1429,19502,3,12,
1430,19503,1,13,
1431,19504,1,14,
1432,19505,3,12,
1433,19506,37,1,
1434,19507,1,13,
1435,19508,7,6,
1436,19509,1,13,
1437,19510,37,1,
1438,19511,1,13,
1439,19512,1,13,
1440,19513,1,9,
1441,19514,1,13,
1442,19515,1,13,
1443,19516,3,12,
1444,19517,53,2,
1445,19518,-1,-1,
1446,19519,1,13,
1447,19520,-1,-1,
1448,19521,1,13,
1449,19522,1,9,
1450,19523,7,7,
1451,19524,-1,-1,
1452,19525,1,13,
1453,19526,15,5,
1454,19527,-1,-1,
1455,19528,85,0,
1456,19529,16,6,
1457,19530,1,13,
1458,19531,25,5,
1459,19532,1,13,
1460,19533,1,14,
1461,19534,1,13,
1462,19535,16,6,
1463,19536,-1,-1,
1464,19537,-1,-1,
1465,19538,1,13,
1466,19539,7,7,
1467,19540,1,13,
1468,19541,15,5,
1469,19542,1,13,
1470,19543,1,13,
1471,19544,86,0,
1472,19545,53,2,
1473,19546,1,13,
1474,19547,1,13,
1475,19548,25,5,
1476,19549,1,13,
1477,19550,1,13,
1478,19551,1,13,
1479,19552,1,13,
1480,19553,7,7,
1481,19554,38,3,
1482,19555,1,13,
1483,19556,7,7,
1484,19557,1,12,
1485,19558,1,13,
1486,19559,1,9,
1487,19560,1,14,
1488,19561,1,13,
1489,19562,1,14,
1490,19563,1,13,
1491,19564,13,6,
1492,19565,3,11,
1493,19566,1,13,
1494,19567,1,13,
1495,19568,7,7,
1496,19569,1,13,
1497,19570,1,13,
1498,19571,1,13,
1499,19572,11,5,
1500,19573,1,14,
1501,19574,13,5,
1502,19575,1,13,
1503,19576,15,5,
1504,19577,1,13,
1505,19578,1,13,
1506,19579,1,14,
1507,19580,1,13,
1508,19581,1,14,
1509,19582,1,13,
1510,19583,1,13,
1511,19584,-1,-1,
1512,19585,1,14,
1513,19586,-1,-1,
1514,19587,1,13,
1515,19588,7,7,
1516,19589,1,14,
1517,19590,53,2,
1518,19591,1,13,
1519,19592,3,12,
1520,19593,3,11,
1521,19594,1,14,
1522,19595,1,14,
1523,19596,7,7,
1524,19597,5,5,
1525,19598,31,6,
1526,19599,1,9,
1527,19600,31,6,
1528,19601,1,13,
1529,19602,1,14,
1530,19603,1,14,
1531,19604,25,5,
1532,19605,16,4,
1533,19606,3,12,
1534,19607,1,14,
1535,19608,1,14,
1536,19609,1,13,
1537,19610,1,13,
1538,19611,1,14,
1539,19612,15,5,
1540,19613,1,14,
1541,19614,1,9,
1542,19615,13,5,
1543,19616,3,12,
1544,19617,69,1,
1545,19618,1,14,
1546,19619,1,13,
1547,19620,1,13,
1548,19621,53,2,
1549,19622,1,13,
1550,19623,1,13,
1551,19624,1,13,
1552,19625,1,13,
1553,19626,7,7,
1554,19627,1,14,
1555,19628,-1,-1,
1556,19629,1,14,
1557,19630,16,7,
1558,19631,-1,-1,
1559,19632,3,12,
1560,19633,25,4,
1561,19634,15,6,
1562,19635,7,8,
1563,19636,87,0,
1564,19637,1,14,
1565,19638,1,13,
1566,19639,1,13,
1567,19640,7,7,
1568,19641,1,13,
1569,19642,1,14,
1570,19643,1,14,
1571,19644,1,14,
1572,19645,1,13,
1573,19646,16,6,
1574,19647,1,14,
1575,19648,1,13,
1576,19649,7,7,
1577,19650,1,14,
1578,19651,31,5,
1579,19652,15,6,
1580,19653,1,14,
1581,19654,1,14,
1582,19655,1,14,
1583,19656,7,8,
1584,19657,1,14,
1585,19658,-1,-1,
1586,19659,-1,-1,
1587,19660,1,13,
1588,19661,1,14,
1589,19662,1,13,
1590,19663,1,14,
1591,19664,1,14,
1592,19665,1,13,
1593,19666,1,14,
1594,19667,1,14,
1595,19668,1,14,
1596,19669,1,14,
1597,19670,1,14,
1598,19671,1,13,
1599,19672,1,13,
1600,19673,1,9,
1601,19674,1,14,
1602,19675,7,7,
1603,19676,16,6,
1604,19677,7,6,
1605,19678,3,12,
1606,19679,81,1,
1607,19680,1,9,
1608,19681,1,13,
1609,19682,88,0,
1610,19683,15,6,
1611,19684,1,13,
1612,19685,1,14,
1613,19686,11,6,
1614,19687,3,12,
1615,19688,7,7,
1616,19689,1,9,
1617,19690,1,13,
1618,19691,1,14,
1619,19692,25,5,
1620,19693,7,8,
1621,19694,-1,-1,
1622,19695,1,13,
1623,19696,31,6,
1624,19697,7,7,
1625,19698,1,13,
1626,19699,1,13,
1627,19700,1,14,
1628,19701,1,13,
1629,19702,1,13,
1630,19703,1,14,
1631,19704,1,13,
1632,19705,89,0,
1633,19706,3,12,
1634,19707,13,6,
1635,19708,1,13,
1636,19709,1,14,
1637,19710,1,14,
1638,19711,25,5,
1639,19712,1,14,
1640,19713,1,13,
1641,19714,7,8,
1642,19715,15,6,
1643,19716,1,13,
1644,19717,16,6,
1645,19718,1,14,
1646,19719,1,14,
1647,19720,7,8,
1648,19721,1,14,
1649,19722,1,14,
1650,19723,1,14,
1651,19724,1,13,
1652,19725,1,13,
1653,19726,1,13,
1654,19727,1,14,
1655,19728,1,14,
1656,19729,1,14,
1657,19730,3,12,
1658,19731,1,14,
1659,19732,1,14,
1660,19733,1,14,
1661,19734,1,13,
1662,19735,1,14,
1663,19736,3,12,
1664,19737,1,9,
1665,19738,1,14,
1666,19739,1,14,
1667,19740,58,3,
1668,19741,16,6,
1669,19742,1,13,
1670,19743,1,14,
1671,19744,1,14,
1672,19745,1,13,
1673,19746,1,13,
1674,19747,-1,-1,
1675,19748,1,14,
1676,19749,1,13,
1677,19750,1,14,
1678,19751,1,13,
1679,19752,1,13,
1680,19753,-1,-1,
1681,19754,1,14,
1682,19755,1,10,
1683,19756,25,5,
1684,19757,15,6,
1685,19758,1,13,
1686,19759,1,14,
1687,19760,1,14,
1688,19761,7,8,
1689,19762,1,14,
1690,19763,1,14,
1691,19764,1,13,
1692,19765,3,13,
1693,19766,41,1,
1694,19767,1,13,
1695,19768,1,13,
1696,19769,1,14,
1697,19770,13,5,
1698,19771,1,14,
1699,19772,53,3,
1700,19773,1,14,
1701,19774,7,7,
1702,19775,1,14,
1703,19776,-1,-1,
1704,19777,-1,-1,
1705,19778,1,14,
1706,19779,1,13,
1707,19780,15,6,
1708,19781,1,14,
1709,19782,7,8,
1710,19783,1,10,
1711,19784,1,14,
1712,19785,1,14,
1713,19786,3,13,
1714,19787,1,14,
1715,19788,1,13,
1716,19789,1,10,
1717,19790,-1,-1,
1718,19791,1,10,
1719,19792,25,5,
1720,19793,1,14,
1721,19794,1,14,
1722,19795,1,14,
1723,19796,7,7,
1724,19797,1,13,
1725,19798,1,14,
1726,19799,1,14,
1727,19800,1,13,
1728,19801,1,14,
1729,19802,3,12,
1730,19803,1,14,
1731,19804,53,3,
1732,19805,1,13,
1733,19806,-1,-1,
1734,19807,1,14,
1735,19808,7,7,
1736,19809,1,13,
1737,19810,46,3,
1738,19811,36,5,
1739,19812,1,15,
1740,19813,1,14,
1741,19814,1,15,
1742,19815,1,13,
1743,19816,1,13,
1744,19817,16,6,
1745,19818,1,10,
1746,19819,6,11,
1747,19820,1,10,
1748,19821,1,10,
1749,19822,1,10,
1750,19823,1,14,
1751,19824,90,0,
1752,19825,13,5,
1753,19826,1,14,
1754,19827,1,13,
1755,19828,1,14,
1756,19829,7,8,
1757,19830,1,14,
1758,19831,41,1,
1759,19832,1,14,
1760,19833,1,14,
1761,19834,1,13,
1762,19835,13,4,
1763,19836,1,15,
1764,19837,1,15,
1765,19838,1,10,
1766,19839,1,13,
1767,19840,68,2,
1768,19841,1,14,
1769,19842,3,13,
1770,19843,3,13,
1771,19844,1,15,
1772,19845,1,13,
1773,19846,1,10,
1774,19847,1,10,
1775,19848,1,13,
1776,19849,1,14,
1777,19850,1,15,
1778,19851,1,14,
1779,19852,1,14,
1780,19853,1,10,
1781,19854,1,15,
1782,19855,11,5,
1783,19856,1,13,
1784,19857,1,15,
1785,19858,1,14,
1786,19859,7,8,
1787,19860,1,14,
1788,19861,1,10,
1789,19862,3,13,
1790,19863,1,14,
1791,19864,1,15,
1792,19865,1,14,
1793,19866,58,4,
1794,19867,46,3,
1795,19868,15,6,
1796,19869,1,15,
1797,19870,1,15,
1798,19871,1,15,
1799,19872,1,10,
1800,19873,1,10,
1801,19874,1,14,
1802,19875,1,15,
1803,19876,7,8,
1804,19877,34,3,
1805,19878,25,5,
1806,19879,1,14,
1807,19880,1,14,
1808,19881,1,14,
1809,19882,25,6,
1810,19883,91,0,
1811,19884,1,10,
1812,19885,34,3,
1813,19886,25,5,
1814,19887,1,14,
1815,19888,1,14,
1816,19889,1,14,
1817,19890,1,14,
1818,19891,1,14,
1819,19892,53,3,
1820,19893,1,10,
1821,19894,1,13,
1822,19895,7,8,
1823,19896,7,8,
1824,19897,1,14,
1825,19898,-1,-1,
1826,19899,1,14,
1827,19900,1,15,
1828,19901,1,14,
1829,19902,7,4,
1830,19903,3,12,
1831,19904,1,14,
1832,19905,69,1,
1833,19906,1,13,
1834,19907,16,7,
1835,19908,1,14,
1836,19909,3,13,
1837,19910,16,7,
1838,19911,1,13,
1839,19912,1,14,
1840,19913,-1,-1,
1841,19914,1,14,
1842,19915,3,12,
1843,19916,1,15,
1844,19917,1,14,
1845,19918,3,12,
1846,19919,1,15,
1847,19920,1,10,
1848,19921,7,8,
1849,19922,1,14,
1850,19923,1,14,
1851,19924,7,8,
1852,19925,1,15,
1853,19926,1,10,
1854,19927,1,14,
1855,19928,1,14,
1856,19929,1,15,
1857,19930,1,15,
1858,19931,1,14,
1859,19932,1,14,
1860,19933,1,15,
1861,19934,7,7,
1862,19935,3,13,
1863,19936,1,14,
1864,19937,-1,-1,
1865,19938,1,14,
1866,19939,1,15,
1867,19940,1,15,
1868,19941,1,15,
1869,19942,7,8,
1870,19943,7,8,
1871,19944,1,15,
1872,19945,-1,-1,
1873,19946,1,14,
1874,19947,7,8,
1875,19948,1,14,
1876,19949,1,14,
1877,19950,-1,-1,
1878,19951,6,7,
1879,19952,1,14,
1880,19953,1,15,
1881,19954,1,14,
1882,19955,1,15,
1883,19956,1,13,
1884,19957,16,6,
1885,19958,1,14,
1886,19959,1,14,
1887,19960,-1,-1,
1888,19961,25,5,
1889,19962,7,8,
1890,19963,1,15,
1891,19964,7,8,
1892,19965,3,12,
1893,19966,1,10,
1894,19967,1,15,
1895,19968,1,10,
1896,19969,1,14,
1897,19970,1,14,
1898,19971,1,14,
1899,19972,7,8,
1900,19973,1,14,
1901,19974,1,10,
1902,19975,1,14,
1903,19976,64,1,
1904,19977,1,15,
1905,19978,3,12,
1906,19979,1,10,
1907,19980,73,1,
1908,19981,1,14,
1909,19982,1,14,
1910,19983,42,1,
1911,19984,11,6,
1912,19985,1,14,
1913,19986,7,8,
1914,19987,1,15,
1915,19988,1,15,
1916,19989,16,7,
1917,19990,1,14,
1918,19991,16,6,
1919,19992,1,14,
1920,19993,-1,-1,
1921,19994,3,13,
1922,19995,1,10,
1923,19996,1,14,
1924,19997,1,10,
1925,19998,1,10,
1926,19999,11,6,
1927,20000,1,15,
1928,20001,11,6,
1929,20002,1,15,
1930,20003,3,13,
1931,20004,1,10,
1932,20005,7,8,
1933,20006,13,7,
1934,20007,11,6,
1935,20008,1,10,
1936,20009,1,14,
1937,20010,1,15,
1938,20011,1,10,
1939,20012,1,15,
1940,20013,1,15,
1941,20014,-1,-1,
1942,20015,1,15,
1943,20016,1,14,
1944,20017,1,15,
1945,20018,1,10,
1946,20019,1,14,
1947,20020,1,14,
1948,20021,3,13,
1949,20022,-1,-1,
1950,20023,1,10,
1951,20024,-1,-1,
1952,20025,34,3,
1953,20026,-1,-1,
1954,20027,1,14,
1955,20028,1,14,
1956,20029,7,8,
1957,20030,1,14,
1958,20031,3,13,
1959,20032,1,14,
1960,20033,3,13,
1961,20034,1,14,
1962,20035,31,5,
1963,20036,1,14,
1964,20037,1,15,
1965,20038,1,15,
1966,20039,1,15,
1967,20040,1,15,
1968,20041,1,10,
1969,20042,7,9,
1970,20043,-1,-1,
1971,20044,11,7,
1972,20045,68,2,
1973,20046,11,7,
1974,20047,1,14,
1975,20048,-1,-1,
1976,20049,1,14,
1977,20050,1,15,
1978,20051,1,10,
1979,20052,1,14,
1980,20053,1,15,
1981,20054,11,6,
1982,20055,1,15,
1983,20056,11,7,
1984,20057,92,0,
1985,20058,13,7,
1986,20059,1,10,
1987,20060,1,15,
1988,20061,1,10,
1989,20062,1,15,
1990,20063,1,14,
1991,20064,1,14,
1992,20065,1,14,
1993,20066,34,3,
1994,20067,1,10,
1995,20068,3,13,
1996,20069,1,15,
1997,20070,34,3,
1998,20071,1,10,
1999,20072,7,8,
2000,20073,1,15,
2001,20074,1,14,
2002,20075,1,14,
2003,20076,16,8,
2004,20077,1,10,
2005,20078,16,5,
2006,20079,1,15,
2007,20080,1,14,
2008,20081,1,15,
2009,20082,1,14,
2010,20083,11,6,
2011,20084,1,14,
2012,20085,3,13,
2013,20086,1,10,
2014,20087,1,14,
2015,20088,1,15,
2016,20089,1,15,
2017,20090,1,15,
2018,20091,1,14,
2019,20092,-1,-1,
2020,20093,7,9,
2021,20094,1,15,
2022,20095,1,15,
2023,20096,1,15,
2024,20097,1,15,
2025,20098,1,14,
2026,20099,1,15,
2027,20100,1,15,
2028,20101,1,14,
2029,20102,5,6,
2030,20103,1,14,
2031,20104,15,7,
2032,20105,11,7,
2033,20106,7,8,
2034,20107,81,2,
2035,20108,1,14,
2036,20109,1,14,
2037,20110,48,1,
2038,20111,25,6,
2039,20112,1,10,
2040,20113,1,15,
2041,20114,1,10,
2042,20115,3,13,
2043,20116,1,10,
2044,20117,1,14,
2045,20118,3,13,
2046,20119,1,15,
2047,20120,1,15,
2048,20121,1,15,
2049,20122,7,8,
2050,20123,1,14,
2051,20124,1,15,
2052,20125,15,7,
2053,20126,1,14,
2054,20127,48,1,
2055,20128,1,15,
2056,20129,-1,-1,
2057,20130,1,15,
2058,20131,1,10,
2059,20132,1,14,
2060,20133,1,15,
2061,20134,1,14,
2062,20135,1,15,
2063,20136,1,10,
2064,20137,-1,-1,
2065,20138,1,14,
2066,20139,1,14,
2067,20140,7,9,
2068,20141,1,10,
2069,20142,1,14,
2070,20143,1,15,
2071,20144,7,8,
2072,20145,1,14,
2073,20146,1,15,
2074,20147,11,6,
2075,20148,1,14,
2076,20149,1,15,
2077,20150,1,14,
2078,20151,-1,-1,
2079,20152,1,10,
2080,20153,1,14,
2081,20154,1,10,
2082,20155,15,7,
2083,20156,1,10,
2084,20157,1,15,
2085,20158,1,14,
2086,20159,7,8,
2087,20160,1,14,
2088,20161,1,14,
2089,20162,1,10,
2090,20163,1,14,
2091,20164,15,6,
2092,20165,1,15,
2093,20166,1,15,
2094,20167,1,15,
2095,20168,1,14,
2096,20169,1,14,
2097,20170,16,8,
2098,20171,15,7,
2099,20172,1,14,
2100,20173,7,9,
2101,20174,7,8,
2102,20175,5,6,
2103,20176,1,15,
2104,20177,1,15,
2105,20178,1,15,
2106,20179,1,11,
2107,20180,-1,-1,
2108,20181,1,15,
2109,20182,1,15,
2110,20183,1,15,
2111,20184,1,15,
2112,20185,11,7,
2113,20186,1,11,
2114,20187,1,14,
2115,20188,1,14,
2116,20189,1,15,
2117,20190,1,11,
2118,20191,1,14,
2119,20192,1,15,
2120,20193,11,7,
2121,20194,1,11,
2122,20195,1,14,
2123,20196,87,1,
2124,20197,1,14,
2125,20198,1,11,
2126,20199,1,14,
2127,20200,1,11,
2128,20201,11,5,
2129,20202,13,4,
2130,20203,1,15,
2131,20204,1,15,
2132,20205,1,14,
2133,20206,1,15,
2134,20207,11,5,
2135,20208,1,14,
2136,20209,1,14,
2137,20210,11,7,
2138,20211,1,15,
2139,20212,1,11,
2140,20213,1,15,
2141,20214,1,14,
2142,20215,1,15,
2143,20216,1,15,
2144,20217,1,11,
2145,20218,1,11,
2146,20219,53,4,
2147,20220,-1,-1,
2148,20221,1,14,
2149,20222,-1,-1,
2150,20223,1,15,
2151,20224,1,11,
2152,20225,1,15,
2153,20226,1,14,
2154,20227,-1,-1,
2155,20228,1,15,
2156,20229,1,14,
2157,20230,1,15,
2158,20231,-1,-1,
2159,20232,1,14,
2160,20233,1,14,
2161,20234,1,15,
2162,20235,1,11,
2163,20236,-1,-1,
2164,20237,3,14,
2165,20238,7,9,
2166,20239,7,9,
2167,20240,1,14,
2168,20241,58,4,
2169,20242,1,16,
2170,20243,1,15,
2171,20244,1,15,
2172,20245,7,8,
2173,20246,53,4,
2174,20247,1,11,
2175,20248,15,7,
2176,20249,1,14,
2177,20250,-1,-1,
2178,20251,-1,-1,
2179,20252,1,16,
2180,20253,1,15,
2181,20254,1,16,
2182,20255,1,15,
2183,20256,1,14,
2184,20257,3,14,
2185,20258,1,14,
2186,20259,1,15,
2187,20260,1,15,
2188,20261,6,12,
2189,20262,1,15,
2190,20263,1,14,
2191,20264,1,15,
2192,20265,1,15,
2193,20266,3,14,
2194,20267,1,14,
2195,20268,1,14,
2196,20269,7,9,
2197,20270,1,14,
2198,20271,1,11,
2199,20272,3,14,
2200,20273,7,9,
2201,20274,1,15,
2202,20275,7,5,
2203,20276,7,9,
2204,20277,1,15,
2205,20278,1,11,
2206,20279,1,11,
2207,20280,16,7,
2208,20281,7,9,
2209,20282,1,14,
2210,20283,1,15,
2211,20284,-1,-1,
2212,20285,-1,-1,
2213,20286,1,14,
2214,20287,15,7,
2215,20288,7,9,
2216,20289,7,9,
2217,20290,1,16,
2218,20291,7,9,
2219,20292,1,11,
2220,20293,1,14,
2221,20294,15,6,
2222,20295,1,11,
2223,20296,11,6,
2224,20297,-1,-1,
2225,20298,1,15,
2226,20299,-1,-1,
2227,20300,1,15,
2228,20301,7,9,
2229,20302,1,14,
2230,20303,1,15,
2231,20304,-1,-1,
2232,20305,-1,-1,
2233,20306,7,9,
2234,20307,1,16,
2235,20308,1,11,
2236,20309,1,15,
2237,20310,-1,-1,
2238,20311,1,11,
2239,20312,1,11,
2240,20313,1,14,
2241,20314,1,14,
2242,20315,1,15,
2243,20316,1,16,
2244,20317,7,9,
2245,20318,1,16,
2246,20319,81,2,
2247,20320,1,16,
2248,20321,1,11,
2249,20322,7,9,
2250,20323,1,16,
2251,20324,-1,-1,
2252,20325,7,9,
2253,20326,1,10,
2254,20327,53,4,
2255,20328,1,11,
2256,20329,1,16,
2257,20330,79,1,
2258,20331,1,11,
2259,20332,1,11,
2260,20333,1,16,
2261,20334,1,15,
2262,20335,56,2,
2263,20336,-1,-1,
2264,20337,31,6,
2265,20338,1,15,
2266,20339,1,16,
2267,20340,1,14,
2268,20341,25,6,
2269,20342,1,15,
2270,20343,1,16,
2271,20344,1,15,
2272,20345,1,16,
2273,20346,11,7,
2274,20347,1,15,
2275,20348,1,16,
2276,20349,1,13,
2277,20350,1,16,
2278,20351,1,14,
2279,20352,81,2,
2280,20353,1,14,
2281,20354,-1,-1,
2282,20355,1,14,
2283,20356,7,8,
2284,20357,1,14,
2285,20358,1,14,
2286,20359,-1,-1,
2287,20360,1,15,
2288,20361,1,14,
2289,20362,11,7,
2290,20363,-1,-1,
2291,20364,-1,-1,
2292,20365,1,11,
2293,20366,1,15,
2294,20367,-1,-1,
2295,20368,1,15,
2296,20369,11,6,
2297,20370,31,6,
2298,20371,1,11,
2299,20372,93,0,
2300,20373,-1,-1,
2301,20374,7,9,
2302,20375,1,15,
2303,20376,1,15,
2304,20377,1,15,
2305,20378,1,14,
2306,20379,1,16,
2307,20380,-1,-1,
2308,20381,-1,-1,
2309,20382,1,14,
2310,20383,1,15,
2311,20384,7,9,
2312,20385,1,14,
2313,20386,3,14,
2314,20387,31,6,
2315,20388,1,11,
2316,20389,1,16,
2317,20390,7,9,
2318,20391,1,16,
2319,20392,1,16,
2320,20393,1,16,
2321,20394,1,15,
2322,20395,11,6,
2323,20396,11,6,
2324,20397,-1,-1,
2325,20398,1,15,
2326,20399,-1,-1,
2327,20400,1,16,
2328,20401,7,9,
2329,20402,1,16,
2330,20403,1,11,
2331,20404,94,0,
2332,20405,1,11,
2333,20406,1,11,
2334,20407,1,15,
2335,20408,11,7,
2336,20409,53,4,
2337,20410,1,15,
2338,20411,1,15,
2339,20412,1,15,
2340,20413,1,11,
2341,20414,1,11,
2342,20415,1,15,
2343,20416,1,14,
2344,20417,1,11,
2345,20418,1,11,
2346,20419,7,9,
2347,20420,-1,-1,
2348,20421,-1,-1,
2349,20422,25,6,
2350,20423,13,6,
2351,20424,11,6,
2352,20425,1,14,
2353,20426,69,2,
2354,20427,1,15,
2355,20428,1,14,
2356,20429,1,16,
2357,20430,1,16,
2358,20431,1,11,
2359,20432,3,14,
2360,20433,1,11,
2361,20434,-1,-1,
2362,20435,-1,-1,
2363,20436,1,11,
2364,20437,1,15,
2365,20438,1,15,
2366,20439,1,15,
2367,20440,1,15,
2368,20441,1,11,
2369,20442,1,15,
2370,20443,-1,-1,
2371,20444,25,6,
2372,20445,1,14,
2373,20446,1,16,
2374,20447,16,8,
2375,20448,1,11,
2376,20449,1,15,
2377,20450,1,16,
2378,20451,1,10,
2379,20452,1,11,
2380,20453,1,15,
2381,20454,11,7,
2382,20455,7,9,
2383,20456,-1,-1,
2384,20457,7,9,
2385,20458,1,11,
2386,20459,-1,-1,
2387,20460,3,14,
2388,20461,1,11,
2389,20462,1,15,
2390,20463,1,16,
2391,20464,11,7,
2392,20465,-1,-1,
2393,20466,7,9,
2394,20467,1,11,
2395,20468,1,11,
2396,20469,11,7,
2397,20470,1,11,
2398,20471,1,15,
2399,20472,3,14,
2400,20473,1,11,
2401,20474,1,15,
2402,20475,1,15,
2403,20476,-1,-1,
2404,20477,-1,-1,
2405,20478,13,6,
2406,20479,1,15,
2407,20480,1,15,
2408,20481,1,15,
2409,20482,-1,-1,
2410,20483,1,15,
2411,20484,3,14,
2412,20485,1,16,
2413,20486,53,4,
2414,20487,1,14,
2415,20488,1,15,
2416,20489,1,11,
2417,20490,11,7,
2418,20491,1,16,
2419,20492,1,15,
2420,20493,11,7,
2421,20494,1,16,
2422,20495,3,14,
2423,20496,1,11,
2424,20497,7,9,
2425,20498,1,11,
2426,20499,53,4,
2427,20500,7,9,
2428,20600,1,16,
2429,20601,1,16,
2430,20602,11,8,
2431,20603,1,16,
2432,20604,11,8,
2433,20605,1,15,
2434,20606,7,10,
2435,20607,1,15,
2436,20608,3,14,
2437,20609,1,15,
2438,20610,1,11,
2439,20611,1,11,
2440,20612,1,15,
2441,20613,1,15,
2442,20614,1,11,
2443,20615,53,4,
2444,20616,1,15,
2445,20617,1,11,
2446,20618,1,11,
2447,20619,1,15,
2448,20620,1,11,
2449,20621,11,7,
2450,20622,3,14,
2451,20623,55,1,
2452,20624,7,9,
2453,20625,1,16,
2454,20626,1,16,
2455,20627,7,9,
2456,20628,-1,-1,
2457,20629,7,10,
2458,20630,1,11,
2459,20631,1,15,
2460,20632,11,8,
2461,20633,1,16,
2462,20634,1,16,
2463,20635,1,11,
2464,20636,1,16,
2465,20637,1,16,
2466,20638,-1,-1,
2467,20639,1,16,
2468,20640,1,15,
2469,20641,1,16,
2470,20642,11,7,
2471,20643,15,8,
2472,20644,1,16,
2473,20645,1,16,
2474,20646,53,4,
2475,20647,7,10,
2476,20648,1,15,
2477,20649,1,16,
2478,20650,1,16,
2479,20651,11,8,
2480,20652,1,16,
2481,20653,1,15,
2482,20654,1,16,
2483,20655,1,16,
2484,20656,1,16,
2485,20657,1,16,
2486,20658,1,15,
2487,20659,1,16,
2488,20660,7,9,
2489,20661,48,2,
2490,20662,1,15,
2491,20663,1,16,
2492,20664,1,11,
2493,20665,31,7,
2494,20666,92,1,
2495,20667,1,11,
2496,20668,1,15,
2497,20669,3,14,
2498,20670,81,3,
2499,20671,1,16,
2500,20672,-1,-1,
2501,20673,1,16,
2502,20674,1,11,
2503,20675,74,1,
2504,20676,1,15,
2505,20677,3,14,
2506,20678,1,16,
2507,20679,1,15,
2508,20680,7,10,
2509,20681,37,2,
2510,20682,1,12,
2511,20683,1,15,
2512,20684,1,15,
2513,20685,1,15,
2514,20686,1,12,
2515,20687,15,8,
2516,20688,1,15,
2517,20689,1,12,
2518,20690,7,9,
2519,20691,1,15,
2520,20692,7,9,
2521,20693,15,8,
2522,20694,3,15,
2523,20695,1,15,
2524,20696,1,16,
2525,20697,11,8,
2526,20698,1,12,
2527,20699,7,9,
2528,20700,1,16,
2529,20701,1,12,
2530,20702,11,8,
2531,20703,1,16,
2532,20704,-1,-1,
2533,20705,81,3,
2534,20706,1,15,
2535,20707,1,16,
2536,20708,-1,-1,
2537,20709,1,12,
2538,20710,3,14,
2539,20711,1,15,
2540,20712,1,16,
2541,20713,1,16,
2542,20714,1,15,
2543,20715,15,8,
2544,20716,1,15,
2545,20717,-1,-1,
2546,20718,7,9,
2547,20719,1,15,
2548,20720,1,15,
2549,20721,1,12,
2550,20722,1,16,
2551,20723,1,12,
2552,20724,1,12,
2553,20725,1,16,
2554,20726,1,15,
2555,20727,1,12,
2556,20728,7,5,
2557,20729,-1,-1,
2558,20730,1,16,
2559,20731,1,15,
2560,20732,1,12,
2561,20733,1,15,
2562,20734,1,15,
2563,20735,1,16,
2564,20736,1,15,
2565,20737,15,8,
2566,20738,11,7,
2567,20739,1,12,
2568,20740,1,16,
2569,20741,1,15,
2570,20742,55,1,
2571,20743,1,15,
2572,20744,1,16,
2573,20745,7,9,
2574,20746,1,16,
2575,20747,1,15,
2576,20748,7,9,
2577,20749,1,12,
2578,20750,1,12,
2579,20751,11,8,
2580,20752,1,12,
2581,20753,-1,-1,
2582,20754,1,12,
2583,20755,1,16,
2584,20756,3,14,
2585,20757,1,12,
2586,20758,1,12,
2587,20759,1,12,
2588,20760,1,15,
2589,20761,1,16,
2590,20762,1,16,
2591,20763,7,10,
2592,20764,1,15,
2593,20765,1,16,
2594,20766,1,11,
2595,20767,1,16,
2596,20768,7,9,
2597,20769,1,16,
2598,20770,7,8,
2599,20771,1,12,
2600,20772,7,5,
2601,20773,1,12,
2602,20774,53,5,
2603,20775,1,12,
2604,20776,7,5,
2605,20777,1,12,
2606,20778,1,16,
2607,20779,11,8,
2608,20780,1,15,
2609,20781,1,16,
2610,20782,7,10,
2611,20783,15,8,
2612,20784,1,15,
2613,20785,16,8,
2614,20786,1,12,
2615,20787,1,15,
2616,20788,1,12,
2617,20789,1,17,
2618,20790,1,15,
2619,20791,1,15,
2620,20792,13,5,
2621,20793,1,10,
2622,20794,7,10,
2623,20795,1,12,
2624,20796,7,9,
2625,20797,6,8,
2626,20798,11,8,
2627,20799,11,8,
2628,20800,-1,-1,
2629,20801,1,15,
2630,20802,1,15,
2631,20803,66,2,
2632,20804,1,16,
2633,20805,7,10,
2634,20806,3,15,
2635,20807,1,12,
2636,20808,11,7,
2637,20809,95,0,
2638,20810,7,10,
2639,20811,11,8,
2640,20812,7,9,
2641,20813,-1,-1,
2642,20814,1,16,
2643,20815,1,15,
2644,20816,3,15,
2645,20817,1,12,
2646,20818,1,12,
2647,20819,1,11,
2648,20820,53,5,
2649,20821,1,12,
2650,20822,-1,-1,
2651,20823,1,12,
2652,20824,1,15,
2653,20825,53,5,
2654,20826,1,16,
2655,20827,37,2,
2656,20828,1,16,
2657,20829,1,15,
2658,20830,6,13,
2659,20831,89,1,
2660,20832,11,8,
2661,20833,1,16,
2662,20834,7,10,
2663,20835,53,5,
2664,20836,1,15,
2665,20837,3,14,
2666,20838,1,16,
2667,20839,1,17,
2668,20840,1,17,
2669,20841,1,15,
2670,20842,7,10,
2671,20843,15,8,
2672,20844,1,16,
2673,20845,7,10,
2674,20846,1,17,
2675,20847,1,17,
2676,20848,1,12,
2677,20849,1,15,
2678,20850,-1,-1,
2679,20851,1,12,
2680,20852,3,15,
2681,20853,3,15,
2682,20854,3,15,
2683,20855,1,15,
2684,20856,-1,-1,
2685,20857,1,12,
2686,20858,1,12,
2687,20859,1,16,
2688,20860,1,15,
2689,20861,1,16,
2690,20862,1,16,
2691,20863,1,12,
2692,20864,1,16,
2693,20865,7,10,
2694,20866,11,8,
2695,20867,1,15,
2696,20868,1,15,
2697,20869,1,15,
2698,20870,1,16,
2699,20871,1,12,
2700,20872,1,12,
2701,20873,1,16,
2702,20874,1,15,
2703,20875,7,10,
2704,20876,1,16,
2705,20877,1,16,
2706,20878,11,8,
2707,20879,13,5,
2708,20880,7,5,
2709,20881,1,16,
2710,20882,74,1,
2711,20883,69,2,
2712,20884,1,16,
2713,20885,1,16,
2714,20886,1,16,
2715,20887,1,15,
2716,20888,1,12,
2717,20889,1,12,
2718,20890,1,16,
2719,20891,13,6,
2720,20892,1,15,
2721,20893,1,12,
2722,20894,1,12,
2723,20895,3,15,
2724,20896,1,15,
2725,20897,1,12,
2726,20898,1,12,
2727,20899,1,12,
2728,20900,7,10,
2729,20901,1,12,
2730,20902,1,15,
2731,20903,1,12,
2732,20904,7,9,
2733,20905,-1,-1,
2734,20906,1,12,
2735,20907,3,15,
2736,20908,1,15,
2737,20909,94,1,
2738,20910,1,16,
2739,20911,1,16,
2740,20912,-1,-1,
2741,20913,16,8,
2742,20914,1,16,
2743,20915,1,12,
2744,20916,-1,-1,
2745,20917,93,1,
2746,20918,66,2,
2747,20919,1,15,
2748,20920,25,7,
2749,20921,7,9,
2750,20922,1,15,
2751,20923,7,9,
2752,20924,1,12,
2753,20925,11,8,
2754,20926,1,15,
2755,20927,1,15,
2756,20928,1,16,
2757,20929,1,16,
2758,20930,7,10,
2759,20931,1,16,
2760,20932,1,16,
2761,20933,1,17,
2762,20934,5,7,
2763,20935,1,12,
2764,20936,1,15,
2765,20937,1,16,
2766,20938,1,12,
2767,20939,1,12,
2768,20940,1,15,
2769,20941,7,10,
2770,20942,7,10,
2771,20943,1,16,
2772,20944,94,1,
2773,20945,11,8,
2774,20946,7,9,
2775,20947,1,12,
2776,20948,1,16,
2777,20949,1,12,
2778,20950,1,16,
2779,20951,11,8,
2780,20952,1,12,
2781,20953,3,14,
2782,20954,1,12,
2783,20955,1,12,
2784,20956,1,17,
2785,20957,1,12,
2786,20958,1,16,
2787,20959,1,16,
2788,20960,7,10,
2789,20961,1,16,
2790,20962,1,12,
2791,20963,1,17,
2792,20964,3,14,
2793,20965,1,16,
2794,20966,1,12,
2795,20967,7,10,
2796,20968,1,17,
2797,20969,1,17,
2798,20970,1,12,
2799,20971,65,2,
2800,20972,1,12,
2801,20973,1,16,
2802,20974,-1,-1,
2803,20975,1,16,
2804,20976,1,12,
2805,20977,1,12,
2806,20978,1,12,
2807,20979,7,10,
2808,20980,7,10,
2809,20981,1,17,
2810,20982,1,16,
2811,20983,1,15,
2812,20984,1,12,
2813,20985,1,12,
2814,20986,1,12,
2815,20987,-1,-1,
2816,20988,7,10,
2817,20989,1,12,
2818,20990,1,15,
2819,20991,1,16,
2820,20992,1,17,
2821,20993,1,17,
2822,20994,1,17,
2823,20995,1,12,
2824,20996,66,2,
2825,20997,1,16,
2826,20998,-1,-1,
2827,20999,7,10,
2828,21000,1,16,
2829,21001,1,12,
2830,21002,24,4,
2831,21003,1,12,
2832,21004,1,17,
2833,21005,-1,-1,
2834,21006,1,17,
2835,21007,1,12,
2836,21008,1,17,
2837,21009,1,17,
2838,21010,1,12,
2839,21011,1,12,
2840,21012,1,12,
2841,21013,1,16,
2842,21014,1,17,
2843,21015,3,15,
2844,21016,1,12,
2845,21017,56,2,
2846,21018,1,16,
2847,21019,1,12,
2848,21020,1,17,
2849,21021,1,11,
2850,21022,11,7,
2851,21023,-1,-1,
2852,21024,7,10,
2853,21025,1,12,
2854,21026,1,17,
2855,21027,13,6,
2856,21028,-1,-1,
2857,21029,1,12,
2858,21030,1,16,
2859,21031,1,12,
2860,21032,1,17,
2861,21033,1,16,
2862,21034,1,17,
2863,21035,64,2,
2864,21036,7,10,
2865,21037,11,8,
2866,21038,7,10,
2867,21039,7,10,
2868,21040,7,9,
2869,21041,1,12,
2870,21042,1,16,
2871,21043,1,11,
2872,21044,1,17,
2873,21045,81,3,
2874,21046,1,16,
2875,21047,1,16,
2876,21048,11,8,
2877,21049,-1,-1,
2878,21050,53,5,
2879,21051,1,11,
2880,21052,16,8,
2881,21053,1,12,
2882,21054,1,17,
2883,21055,1,16,
2884,21056,-1,-1,
2885,21057,1,17,
2886,21058,1,15,
2887,21059,1,17,
2888,21060,1,16,
2889,21061,1,12,
2890,21062,1,12,
2891,21063,1,12,
2892,21064,91,1,
2893,21065,1,17,
2894,21066,1,17,
2895,21067,1,11,
2896,21068,1,17,
2897,21069,1,12,
2898,21070,1,17,
2899,21071,1,17,
2900,21072,1,16,
2901,21073,1,12,
2902,21074,11,8,
2903,21075,1,17,
2904,21076,1,12,
2905,21077,1,12,
2906,21078,1,12,
2907,21079,7,10,
2908,21080,1,12,
2909,21081,65,2,
2910,21082,1,12,
2911,21083,1,12,
2912,21084,11,7,
2913,21085,1,16,
2914,21086,1,16,
2915,21087,94,1,
2916,21088,1,17,
2917,21089,1,16,
2918,21090,1,12,
2919,21091,1,17,
2920,21092,11,8,
2921,21093,1,16,
2922,21094,1,12,
2923,21095,15,8,
2924,21096,1,12,
2925,21097,48,2,
2926,21098,1,12,
2927,21099,1,12,
2928,21100,1,12,
2929,21101,1,17,
2930,21102,1,12,
2931,21103,7,10,
2932,21104,1,15,
2933,21105,1,17,
2934,21106,94,1,
2935,21107,3,15,
2936,21108,1,12,
2937,21109,1,17,
2938,21110,1,16,
2939,21111,1,17,
2940,21112,1,12,
2941,21113,11,8,
2942,21114,1,12,
2943,21115,-1,-1,
2944,21116,1,17,
2945,21117,-1,-1,
2946,21118,1,12,
2947,21119,37,2,
2948,21120,1,12,
2949,21121,1,16,
2950,21122,1,17,
2951,21123,1,17,
2952,21124,7,10,
2953,21125,1,16,
2954,21126,1,12,
2955,21127,1,12,
2956,21128,1,12,
2957,21129,1,15,
2958,21130,1,16,
2959,21131,1,16,
2960,21132,1,16,
2961,21133,1,12,
2962,21134,1,16,
2963,21135,1,16,
2964,21136,79,2,
2965,21137,1,16,
2966,21138,1,12,
2967,21139,1,16,
2968,21140,1,17,
2969,21141,31,7,
2970,21142,7,10,
2971,21143,1,17,
2972,21144,1,12,
2973,21145,7,10,
2974,21146,1,17,
2975,21147,1,17,
2976,21148,1,12,
2977,21149,81,3,
2978,21150,11,8,
2979,21151,1,17,
2980,21152,1,12,
2981,21153,16,8,
2982,21154,1,17,
2983,21155,1,16,
2984,21156,1,12,
2985,21157,1,12,
2986,21158,1,17,
2987,21159,1,12,
2988,21160,1,16,
2989,21161,1,12,
2990,21162,1,17,
2991,21163,1,12,
2992,21164,-1,-1,
2993,21165,1,16,
2994,21166,1,16,
2995,21167,1,16,
2996,21168,1,17,
2997,21169,1,17,
2998,21170,1,16,
2999,21171,7,10,
3000,21172,1,12,
3001,21173,3,15,
3002,21174,7,10,
3003,21175,1,17,
3004,21176,1,16,
3005,21177,1,16,
3006,21178,1,17,
3007,21179,1,17,
3008,21180,3,15,
3009,21181,11,9,
3010,21182,1,12,
3011,21183,3,15,
3012,21184,1,17,
3013,21185,1,16,
3014,21186,1,17,
3015,21187,1,17,
3016,21188,1,12,
3017,21189,1,12,
3018,21190,1,12,
3019,21191,3,15,
3020,21192,1,12,
3021,21193,1,17,
3022,21194,1,12,
3023,21195,1,16,
3024,21196,1,17,
3025,21197,1,11,
3026,21198,1,12,
3027,21199,7,11,
3028,21200,1,17,
3029,21201,-1,-1,
3030,21202,1,16,
3031,21203,1,12,
3032,21204,1,12,
3033,21205,1,17,
3034,21206,1,12,
3035,21207,1,11,
3036,21208,1,17,
3037,21209,1,12,
3038,21210,1,17,
3039,21211,1,17,
3040,21212,11,8,
3041,21213,1,17,
3042,21214,-1,-1,
3043,21215,1,12,
3044,21216,1,17,
3045,21217,1,16,
3046,21218,1,17,
3047,21219,1,16,
3048,21220,11,9,
3049,21221,11,9,
3050,21222,1,17,
3051,21223,31,8,
3052,21224,1,12,
3053,21225,-1,-1,
3054,21226,1,12,
3055,21227,55,2,
3056,21228,1,16,
3057,21229,1,12,
3058,21230,1,17,
3059,21231,1,17,
3060,21232,1,17,
3061,21233,1,16,
3062,21234,1,17,
3063,21235,1,17,
3064,21236,1,12,
3065,21237,1,12,
3066,21238,1,17,
3067,21239,-1,-1,
3068,21240,15,8,
3069,21241,1,13,
3070,21242,1,12,
3071,21243,1,16,
3072,21244,1,17,
3073,21245,1,17,
3074,21246,7,11,
3075,21247,1,16,
3076,21248,1,17,
3077,21249,1,13,
3078,21250,11,9,
3079,21251,1,16,
3080,21252,7,10,
3081,21253,1,13,
3082,21254,1,17,
3083,21255,1,12,
3084,21256,7,11,
3085,21257,89,1,
3086,21258,11,9,
3087,21259,1,17,
3088,21260,1,17,
3089,21261,1,17,
3090,21262,1,13,
3091,21263,1,17,
3092,21264,1,12,
3093,21265,3,16,
3094,21266,1,12,
3095,21267,1,13,
3096,21268,1,17,
3097,21269,1,12,
3098,21270,1,15,
3099,21271,1,17,
3100,21272,1,17,
3101,21273,1,13,
3102,21274,1,13,
3103,21275,11,9,
3104,21276,64,2,
3105,21277,1,17,
3106,21278,1,17,
3107,21279,7,10,
3108,21280,1,16,
3109,21281,1,17,
3110,21282,1,16,
3111,21283,1,16,
3112,21284,1,17,
3113,21285,1,13,
3114,21286,16,8,
3115,21287,1,13,
3116,21288,1,13,
3117,21289,1,17,
3118,21290,1,17,
3119,21291,-1,-1,
3120,21292,1,17,
3121,21293,1,13,
3122,21294,1,17,
3123,21295,-1,-1,
3124,21296,1,16,
3125,21297,11,9,
3126,21298,91,1,
3127,21299,1,13,
3128,21300,1,16,
3129,21301,1,16,
3130,21302,1,16,
3131,21303,-1,-1,
3132,21304,1,17,
3133,21305,11,9,
3134,21306,1,16,
3135,21307,1,16,
3136,21308,1,13,
3137,21309,1,13,
3138,21310,6,13,
3139,21311,16,8,
3140,21312,7,10,
3141,21313,1,13,
3142,21314,1,17,
3143,21315,1,13,
3144,21316,1,16,
3145,21317,1,17,
3146,21318,1,13,
3147,21319,1,17,
3148,21320,11,9,
3149,21321,11,9,
3150,21322,31,6,
3151,21323,1,18,
3152,21324,1,17,
3153,21325,3,16,
3154,21326,1,17,
3155,21327,1,13,
3156,21328,1,13,
3157,21329,11,9,
3158,21330,7,10,
3159,21331,1,17,
3160,21332,1,13,
3161,21333,1,13,
3162,21334,1,18,
3163,21335,1,13,
3164,21336,7,10,
3165,21337,1,17,
3166,21338,1,12,
3167,21339,1,16,
3168,21340,1,13,
3169,21341,11,9,
3170,21342,1,16,
3171,21343,81,4,
3172,21344,16,9,
3173,21345,7,10,
3174,21346,3,16,
3175,21347,1,17,
3176,21348,11,9,
3177,21349,11,9,
3178,21350,1,18,
3179,21351,65,2,
3180,21352,16,9,
3181,21353,1,17,
3182,21354,1,13,
3183,21355,1,17,
3184,21356,1,17,
3185,21357,-1,-1,
3186,21358,1,13,
3187,21359,1,18,
3188,21360,1,17,
3189,21361,1,17,
3190,21362,1,17,
3191,21363,1,16,
3192,21364,1,13,
3193,21365,1,12,
3194,21366,1,13,
3195,21367,55,2,
3196,21368,1,13,
3197,21369,1,16,
3198,21370,7,10,
3199,21371,3,16,
3200,21372,1,13,
3201,21373,1,13,
3202,21374,3,15,
3203,21375,1,13,
3204,21376,1,13,
3205,21377,-1,-1,
3206,21378,1,13,
3207,21379,1,17,
3208,21380,1,16,
3209,21381,48,2,
3210,21382,7,10,
3211,21383,11,9,
3212,21384,1,12,
3213,21385,1,16,
3214,21386,1,16,
3215,21387,1,12,
3216,21388,1,17,
3217,21389,1,17,
3218,21390,1,16,
3219,21391,1,13,
3220,21392,1,17,
3221,21393,1,16,
3222,21394,3,15,
3223,21395,1,16,
3224,21396,1,17,
3225,21397,1,17,
3226,21398,1,17,
3227,21399,72,1,
3228,21400,1,17,
3229,21401,55,2,
3230,21402,1,17,
3231,21403,1,18,
3232,21404,1,16,
3233,21405,-1,-1,
3234,21406,1,18,
3235,21407,1,18,
3236,21408,1,13,
3237,21409,7,11,
3238,21410,1,16,
3239,21411,-1,-1,
3240,21412,3,16,
3241,21413,3,16,
3242,21414,11,9,
3243,21415,1,17,
3244,21416,1,13,
3245,21417,31,8,
3246,21418,1,17,
3247,21419,1,13,
3248,21420,3,16,
3249,21421,1,17,
3250,21422,15,7,
3251,21423,1,16,
3252,21424,3,16,
3253,21425,1,16,
3254,21426,1,13,
3255,21427,1,16,
3256,21428,1,18,
3257,21429,1,13,
3258,21430,81,4,
3259,21431,1,18,
3260,21432,-1,-1,
3261,21433,1,16,
3262,21434,1,17,
3263,21435,3,16,
3264,21436,1,13,
3265,21437,1,13,
3266,21438,1,16,
3267,21439,1,17,
3268,21440,1,13,
3269,21441,73,2,
3270,21442,1,13,
3271,21443,1,16,
3272,21444,1,18,
3273,21445,1,13,
3274,21446,1,17,
3275,21447,11,9,
3276,21448,1,17,
3277,21449,7,10,
3278,21450,1,13,
3279,21451,1,17,
3280,21452,1,13,
3281,21453,1,13,
3282,21454,1,13,
3283,21455,1,17,
3284,21456,73,2,
3285,21457,15,9,
3286,21458,1,16,
3287,21459,1,16,
3288,21460,1,13,
3289,21461,1,18,
3290,21462,3,15,
3291,21463,85,1,
3292,21464,1,16,
3293,21465,11,9,
3294,21466,1,18,
3295,21467,11,9,
3296,21468,1,13,
3297,21469,1,16,
3298,21470,7,10,
3299,21471,1,13,
3300,21472,13,7,
3301,21473,91,1,
3302,21474,1,13,
3303,21475,1,13,
3304,21476,1,13,
3305,21477,-1,-1,
3306,21478,7,10,
3307,21479,15,9,
3308,21480,1,17,
3309,21481,69,2,
3310,21482,1,13,
3311,21483,1,13,
3312,21484,1,17,
3313,21485,79,2,
3314,21486,15,9,
3315,21487,1,18,
3316,21488,1,16,
3317,21489,1,16,
3318,21490,1,17,
3319,21491,7,11,
3320,21492,1,13,
3321,21493,7,11,
3322,21494,31,6,
3323,21495,1,13,
3324,21496,1,13,
3325,21497,1,13,
3326,21498,11,9,
3327,21499,1,13,
3328,21500,1,17,
3329,21501,1,16,
3330,21502,1,17,
3331,21503,1,18,
3332,21504,1,13,
3333,21505,-1,-1,
3334,21506,11,9,
3335,21507,1,17,
3336,21508,1,13,
3337,21509,-1,-1,
3338,21510,1,16,
3339,21511,1,18,
3340,21512,1,18,
3341,21513,-1,-1,
3342,21514,7,11,
3343,21515,1,17,
3344,21516,1,13,
3345,21517,1,18,
3346,21518,1,18,
3347,21519,3,16,
3348,21520,11,9,
3349,21521,7,11,
3350,21522,1,17,
3351,21523,1,16,
3352,21524,7,11,
3353,21525,-1,-1,
3354,21526,1,17,
3355,21527,1,17,
3356,21528,1,18,
3357,21529,1,13,
3358,21530,1,13,
3359,21531,72,1,
3360,21532,1,17,
3361,21533,1,13,
3362,21534,1,17,
3363,21535,15,9,
3364,21536,1,11,
3365,21537,1,18,
3366,21538,1,13,
3367,21539,1,16,
3368,21540,7,10,
3369,21541,3,15,
3370,21542,1,17,
3371,21543,1,13,
3372,21544,1,17,
3373,21545,1,16,
3374,21546,7,11,
3375,21547,1,18,
3376,21548,85,1,
3377,21549,7,11,
3378,21550,1,13,
3379,21551,1,17,
3380,21552,1,16,
3381,21553,1,13,
3382,21554,1,16,
3383,21555,1,18,
3384,21556,1,16,
3385,21557,1,18,
3386,21558,1,13,
3387,21559,1,18,
3388,21560,1,13,
3389,21561,-1,-1,
3390,21562,7,11,
3391,21563,7,11,
3392,21564,1,17,
3393,21565,1,16,
3394,21566,1,17,
3395,21567,1,16,
3396,21568,1,17,
3397,21569,7,11,
3398,21570,1,13,
3399,21571,1,18,
3400,21572,1,18,
3401,21573,1,18,
3402,21574,13,7,
3403,21575,-1,-1,
3404,21576,1,17,
3405,21577,1,15,
3406,21578,1,13,
3407,21579,1,13,
3408,21580,1,17,
3409,21581,-1,-1,
3410,21582,1,17,
3411,21583,1,17,
3412,21584,-1,-1,
3413,21585,1,13,
3414,21586,1,13,
3415,21587,1,13,
3416,21588,1,17,
3417,21589,1,16,
3418,21590,-1,-1,
3419,21591,1,13,
3420,21592,1,17,
3421,21593,1,17,
3422,21594,11,7,
3423,21595,1,13,
3424,21596,1,13,
3425,21597,11,9,
3426,21598,1,13,
3427,21599,1,18,
3428,21600,-1,-1,
3429,21601,1,17,
3430,21602,11,9,
3431,21603,-1,-1,
3432,21604,1,17,
3433,21605,1,13,
3434,21606,1,13,
3435,21607,1,17,
3436,21608,7,11,
3437,21609,1,18,
3438,21610,1,17,
3439,21611,1,17,
3440,21612,1,18,
3441,21613,1,15,
3442,21614,1,17,
3443,21615,1,13,
3444,21616,1,18,
3445,21617,11,9,
3446,21618,1,13,
3447,21619,3,16,
3448,21620,1,13,
3449,21621,1,18,
3450,21622,1,13,
3451,21623,1,13,
3452,21624,1,18,
3453,21625,1,16,
3454,21626,1,13,
3455,21627,1,13,
3456,21628,11,9,
3457,21629,1,13,
3458,21630,1,13,
3459,21631,1,18,
3460,21632,1,13,
3461,21633,7,11,
3462,21634,1,13,
3463,21635,1,13,
3464,21636,1,17,
3465,21637,1,17,
3466,21638,1,17,
3467,21639,1,18,
3468,21640,1,17,
3469,21641,1,16,
3470,21642,1,13,
3471,21643,1,13,
3472,21644,1,13,
3473,21645,1,17,
3474,21646,1,13,
3475,21647,1,17,
3476,21648,11,9,
3477,21649,87,1,
3478,21650,1,18,
3479,21651,1,18,
3480,21652,1,17,
3481,21653,11,9,
3482,21654,-1,-1,
3483,21655,1,17,
3484,21656,1,18,
3485,21657,1,18,
3486,21658,1,18,
3487,21659,1,13,
3488,21660,1,13,
3489,21661,1,17,
3490,21662,79,2,
3491,21663,1,18,
3492,21664,1,13,
3493,21665,11,9,
3494,21666,1,18,
3495,21667,1,13,
3496,21668,-1,-1,
3497,21669,1,17,
3498,21670,1,16,
3499,21671,1,13,
3500,21672,1,13,
3501,21673,1,17,
3502,21674,1,13,
3503,21675,1,13,
3504,21676,1,18,
3505,21677,1,17,
3506,21678,1,17,
3507,21679,1,13,
3508,21680,1,13,
3509,21681,1,18,
3510,21682,1,18,
3511,21683,1,16,
3512,21684,7,11,
3513,21685,1,13,
3514,21686,1,16,
3515,21687,1,16,
3516,21688,1,18,
3517,21689,13,7,
3518,21690,-1,-1,
3519,21691,1,17,
3520,21692,1,17,
3521,21693,1,13,
3522,21694,1,16,
3523,21695,1,17,
3524,21696,7,11,
3525,21697,1,13,
3526,21698,1,18,
3527,21699,1,13,
3528,21700,1,13,
3529,21701,1,18,
3530,21702,69,3,
3531,21703,1,17,
3532,21704,1,18,
3533,21705,1,18,
3534,21706,-1,-1,
3535,21707,1,13,
3536,21708,1,13,
3537,21709,11,8,
3538,21710,7,11,
3539,21711,1,17,
3540,21712,1,17,
3541,21713,1,17,
3542,21714,1,18,
3543,21715,1,13,
3544,21716,1,13,
3545,21717,1,17,
3546,21718,1,17,
3547,21719,1,18,
3548,21720,1,17,
3549,21721,11,9,
3550,21722,1,17,
3551,21723,7,11,
3552,21724,1,16,
3553,21725,1,17,
3554,21726,-1,-1,
3555,21727,1,17,
3556,21728,1,17,
3557,21729,3,16,
3558,21730,1,13,
3559,21731,6,14,
3560,21732,1,17,
3561,21733,69,3,
3562,21734,1,18,
3563,21735,1,13,
3564,21736,-1,-1,
3565,21737,-1,-1,
3566,21738,1,16,
3567,21739,1,13,
3568,21740,-1,-1,
3569,21741,1,18,
3570,21742,1,13,
3571,21743,1,17,
3572,21744,1,18,
3573,21745,1,13,
3574,21746,-1,-1,
3575,21747,1,18,
3576,21748,-1,-1,
3577,21749,1,13,
3578,21750,1,18,
3579,21751,1,13,
3580,21752,1,17,
3581,21753,7,11,
3582,21754,1,13,
3583,21755,1,13,
3584,21756,1,13,
3585,21757,1,13,
3586,21758,-1,-1,
3587,21759,1,18,
3588,21760,7,11,
3589,21761,15,9,
3590,21762,1,13,
3591,21763,1,18,
3592,21764,1,18,
3593,21765,3,16,
3594,21766,1,17,
3595,21767,3,16,
3596,21768,56,3,
3597,21769,1,13,
3598,21770,1,17,
3599,21771,11,7,
3600,21772,1,18,
3601,21773,1,17,
3602,21774,11,9,
3603,21775,1,17,
3604,21776,-1,-1,
3605,21777,1,13,
3606,21778,1,17,
3607,21779,1,13,
3608,21780,1,13,
3609,21781,1,13,
3610,21782,92,1,
3611,21783,1,13,
3612,21784,1,18,
3613,21785,1,13,
3614,21786,1,13,
3615,21787,1,13,
3616,21788,11,9,
3617,21789,1,13,
3618,21790,1,17,
3619,21791,1,13,
3620,21792,1,16,
3621,21793,7,11,
3622,21794,1,17,
3623,21795,1,13,
3624,21796,1,13,
3625,21797,1,13,
3626,21798,1,18,
3627,21799,11,9,
3628,21800,1,17,
3629,21801,1,16,
3630,21802,1,13,
3631,21803,1,13,
3632,21804,1,13,
3633,21805,1,17,
3634,21806,1,16,
3635,21807,1,13,
3636,21808,7,11,
3637,21809,11,8,
3638,21810,11,10,
3639,21811,79,1,
3640,21812,1,17,
3641,21813,1,18,
3642,21814,1,18,
3643,21815,1,13,
3644,21816,1,17,
3645,21817,7,11,
3646,21818,1,13,
3647,21819,7,11,
3648,21820,7,11,
3649,21821,1,13,
3650,21822,69,3,
3651,21823,1,13,
3652,21824,1,18,
3653,21825,79,3,
3654,21826,1,17,
3655,21827,1,17,
3656,21828,1,17,
3657,21829,1,17,
3658,21830,7,11,
3659,21831,1,16,
3660,21832,53,5,
3661,21833,1,18,
3662,21834,1,17,
3663,21835,1,18,
3664,21836,1,18,
3665,21837,1,18,
3666,21838,1,17,
3667,21839,1,17,
3668,21840,1,13,
3669,21841,1,18,
3670,21842,31,9,
3671,21843,1,18,
3672,21844,1,18,
3673,21845,1,13,
3674,21846,1,17,
3675,21847,7,11,
3676,21848,1,18,
3677,21849,1,13,
3678,21850,1,13,
3679,21851,1,17,
3680,21852,1,13,
3681,21853,1,17,
3682,21854,1,17,
3683,21855,1,18,
3684,21856,7,11,
3685,21857,1,18,
3686,21858,1,18,
3687,21859,11,9,
3688,21860,1,18,
3689,21861,1,17,
3690,21862,7,11,
3691,21863,1,13,
3692,21864,1,18,
3693,21865,1,16,
3694,21866,1,17,
3695,21867,1,18,
3696,21868,1,13,
3697,21869,1,13,
3698,21870,1,13,
3699,21871,1,13,
3700,21872,1,13,
3701,21873,-1,-1,
3702,21874,1,18,
3703,21875,1,13,
3704,21876,1,13,
3705,21877,1,17,
3706,21878,-1,-1,
3707,21879,91,2,
3708,21880,16,9,
3709,21881,-1,-1,
3710,21882,1,18,
3711,21883,1,17,
3712,21884,11,10,
3713,21885,1,18,
3714,21886,1,18,
3715,21887,1,17,
3716,21888,1,18,
3717,21889,1,13,
3718,21890,1,18,
3719,21891,1,13,
3720,21892,-1,-1,
3721,21893,1,17,
3722,21894,1,13,
3723,21895,-1,-1,
3724,21896,1,18,
3725,21897,1,17,
3726,21898,7,11,
3727,21899,1,17,
3728,21900,1,13,
3729,21901,1,13,
3730,21902,1,18,
3731,21903,1,18,
3732,21904,1,13,
3733,21905,1,18,
3734,21906,1,18,
3735,21907,-1,-1,
3736,21908,7,11,
3737,21909,1,13,
3738,21910,7,11,
3739,21911,1,18,
3740,21912,69,3,
3741,21913,7,11,
3742,21914,1,18,
3743,21915,1,13,
3744,21916,1,17,
3745,21917,1,17,
3746,21918,13,7,
3747,21919,13,7,
3748,21920,15,7,
3749,21921,1,18,
3750,21922,1,13,
3751,21923,1,17,
3752,21924,1,13,
3753,21925,1,13,
3754,21926,1,18,
3755,21927,87,1,
3756,21928,13,7,
3757,21929,1,13,
3758,21930,1,17,
3759,21931,1,18,
3760,21932,1,13,
3761,21933,-1,-1,
3762,21934,1,13,
3763,21935,1,17,
3764,21936,7,11,
3765,21937,1,13,
3766,21938,1,18,
3767,21939,7,11,
3768,21940,1,13,
3769,21941,1,18,
3770,21942,6,14,
3771,21943,1,17,
3772,21944,1,14,
3773,21945,1,17,
3774,21946,1,17,
3775,21947,92,1,
3776,21948,1,13,
3777,21949,1,17,
3778,21950,-1,-1,
3779,21951,7,11,
3780,21952,1,18,
3781,21953,1,13,
3782,21954,7,11,
3783,21955,1,18,
3784,21956,1,18,
3785,21957,7,11,
3786,21958,1,18,
3787,21959,1,18,
3788,21960,11,10,
3789,21961,1,18,
3790,21962,1,13,
3791,21963,1,18,
3792,21964,1,18,
3793,21965,1,17,
3794,21966,11,7,
3795,21967,1,18,
3796,21968,1,13,
3797,21969,1,14,
3798,21970,1,13,
3799,21971,11,10,
3800,21972,1,13,
3801,21973,1,13,
3802,21974,11,8,
3803,21975,13,7,
3804,21976,1,18,
3805,21977,1,13,
3806,21978,91,2,
3807,21979,7,11,
3808,21980,1,14,
3809,21981,1,14,
3810,21982,1,18,
3811,21983,1,17,
3812,21984,13,7,
3813,21985,1,17,
3814,21986,11,9,
3815,21987,1,13,
3816,21988,1,13,
3817,21989,1,18,
3818,21990,15,9,
3819,21991,1,18,
3820,21992,1,16,
3821,21993,1,16,
3822,21994,1,18,
3823,21995,1,18,
3824,21996,55,2,
3825,21997,1,18,
3826,21998,1,13,
3827,21999,1,18,
3828,22000,1,18,
