51135,2015/9/24,1.723375e+005,2.544402e+006,0,0,25.4658,25.4778,24.6548,23.5127,25.2705,26.7959,27.2604,27.076,23.2394,22.7843,22.777,21.8138,23.016,24.8616,24.4589,24.305,6.94521,0.190665,0.693151,19.1701,174.005,20.8005,3.13019,1.76304,
51136,2015/9/24,1.695314e+005,2.547665e+006,0,0,25.4602,25.466,24.6456,23.5122,25.2692,26.7987,27.2582,27.0702,23.233,22.7762,22.7683,21.8106,23.0133,24.8634,24.4583,24.2993,6.96224,0.215658,0.693355,19.1748,174.295,20.6926,3.10666,1.77133,
51137,2015/9/24,1.693995e+005,2.541451e+006,0,0,25.466,25.479,24.6549,23.5094,25.2627,26.7879,27.2556,27.0713,23.2331,22.7816,22.7727,21.8063,23.0074,24.8503,24.4476,24.2959,6.89273,0.180669,0.682824,19.0893,173.957,20.9312,3.11277,1.76241,
51138,2015/9/24,1.643715e+005,2.544594e+006,0,0,25.4586,25.464,24.6428,23.5073,25.2574,26.7876,27.2504,27.0615,23.2217,22.7698,22.7592,21.7988,23.0001,24.8475,24.4417,24.2842,6.89114,0.207693,0.679505,19.0583,174.301,20.8549,3.07604,1.77281,
51139,2015/9/24,1.712766e+005,2.544519e+006,0,0,25.4647,25.4757,24.6529,23.5119,25.2689,26.7951,27.2592,27.074,23.237,22.7822,22.7745,21.8118,23.0139,24.86,24.4568,24.3024,6.93967,0.193332,0.691289,19.1584,174.064,20.8009,3.12224,1.76463,
51140,2015/9/24,1.797220e+005,2.505712e+006,0,0,25.5293,25.577,24.7375,23.5306,25.2423,26.7301,27.2461,27.0881,23.2632,22.8483,22.8304,21.8211,22.9945,24.7758,24.3992,24.2926,6.49351,0.0793343,0.650178,18.392,169.449,22.5926,3.2591,1.68286,
51141,2015/9/24,1.742022e+005,2.541065e+006,0,0,25.4712,25.4883,24.663,23.5132,25.2701,26.7917,27.2611,27.0797,23.2439,22.791,22.7838,21.8154,23.0165,24.8574,24.4569,24.3079,6.91769,0.16996,0.691164,19.141,173.691,20.9251,3.1478,1.75538,
51142,2015/9/24,1.676633e+005,2.544889e+006,0,0,25.461,25.4687,24.647,23.5094,25.2632,26.7919,27.2548,27.0675,23.2289,22.7752,22.7661,21.8051,23.007,24.8543,24.4496,24.2931,6.91884,0.202561,0.685336,19.1133,174.228,20.8112,3.09664,1.76965,
51143,2015/9/24,1.670066e+005,2.542702e+006,0,0,25.4626,25.4723,24.6494,23.5082,25.26,26.7875,27.2531,27.0668,23.2277,22.7761,22.7664,21.8026,23.0038,24.8487,24.4445,24.2903,6.89036,0.191796,0.680747,19.0741,174.124,20.9008,3.09519,1.76716,
51144,2015/9/24,1.686636e+005,2.544653e+006,0,0,25.4621,25.4709,24.6488,23.51,25.2647,26.7926,27.256,27.0693,23.2311,22.7772,22.7685,21.8068,23.0088,24.8557,24.4514,24.2956,6.9234,0.1992,0.686698,19.1248,174.181,20.8122,3.10366,1.76813,
51145,2015/9/24,1.672102e+005,2.543252e+006,0,0,25.4622,25.4715,24.6488,23.5085,25.2608,26.7887,27.2536,27.067,23.2281,22.776,22.7664,21.8032,23.0047,24.8502,24.4459,24.2911,6.89781,0.194329,0.681947,19.0848,174.15,20.8778,3.09575,1.76776,
51146,2015/9/24,1.677353e+005,2.544469e+006,0,0,25.4615,25.4698,24.6477,23.5093,25.2629,26.7913,27.2548,27.0677,23.2291,22.7757,22.7666,21.805,23.0068,24.8536,24.449,24.2931,6.91481,0.200016,0.68478,19.1089,174.203,20.8266,3.09763,1.76896,
51147,2015/9/24,1.709412e+005,2.544361e+006,0,0,25.4645,25.4754,24.6526,23.5116,25.2682,26.7945,27.2587,27.0735,23.2363,22.7817,22.7739,21.811,23.0131,24.8591,24.4559,24.3014,6.93568,0.19309,0.690383,19.1518,174.07,20.8087,3.11998,1.76484,
51148,2015/9/24,1.664838e+005,2.542860e+006,0,0,25.462,25.4711,24.6484,23.5079,25.2592,26.7872,27.2525,27.0658,23.2265,22.7751,22.7651,21.8017,23.0029,24.848,24.4436,24.289,6.88835,0.193687,0.680141,19.0686,174.149,20.8995,3.09162,1.76798,
51149,2015/9/24,1.674045e+005,2.544954e+006,0,0,25.4608,25.4682,24.6465,23.5093,25.2628,26.7918,27.2545,27.067,23.2283,22.7747,22.7655,21.8046,23.0066,24.854,24.4491,24.2924,6.91767,0.203466,0.684999,19.1103,174.24,20.8109,3.09484,1.77005,
51150,2015/9/24,1.672111e+005,2.544797e+006,0,0,25.4607,25.4682,24.6464,23.5091,25.2624,26.7913,27.2542,27.0667,23.2279,22.7745,22.7652,21.8042,23.006,24.8533,24.4484,24.2918,6.91457,0.202952,0.684415,19.1054,174.238,20.8186,3.09375,1.77004,
51151,2015/9/24,1.842634e+005,2.503159e+006,0,0,25.5399,25.5916,24.7508,23.5376,25.2456,26.7273,27.2482,27.0943,23.2733,22.8614,22.8432,21.83,22.9993,24.7724,24.4003,24.299,6.46809,0.0735418,0.653735,18.3348,168.718,22.766,3.29661,1.67065,
51152,2015/9/24,1.703711e+005,2.545359e+006,0,0,25.463,25.4723,24.6503,23.5116,25.2682,26.7956,27.2584,27.0723,23.2349,22.7797,22.7718,21.8106,23.0129,24.8602,24.4563,24.3004,6.94298,0.19989,0.690993,19.1578,174.15,20.7738,3.11484,1.76703,
51153,2015/9/24,1.772966e+005,2.508732e+006,0,0,25.5212,25.5658,24.7274,23.526,25.242,26.7346,27.2459,27.0849,23.2574,22.839,22.8218,21.8163,22.9932,24.7816,24.4015,24.2904,6.52632,0.0844165,0.650364,18.4602,170.032,22.4214,3.23531,1.6924,
51154,2015/9/24,1.801125e+005,2.507540e+006,0,0,25.5268,25.5737,24.7345,23.5296,25.2446,26.7338,27.2477,27.0889,23.2635,22.8463,22.8293,21.8215,22.9966,24.7811,24.4034,24.295,6.51765,0.0804752,0.652984,18.4409,169.66,22.4961,3.25697,1.68584,
51155,2015/9/24,1.674389e+005,2.542511e+006,0,0,25.4632,25.4735,24.6503,23.5084,25.2605,26.7876,27.2536,27.0676,23.2287,22.7771,22.7675,21.8032,23.0045,24.8491,24.4452,24.2914,6.89129,0.189921,0.681161,19.0777,174.098,20.9045,3.09826,1.76637,
51156,2015/9/24,1.695532e+005,2.541727e+006,0,0,25.4659,25.4787,24.6547,23.5096,25.2632,26.7885,27.2559,27.0715,23.2334,22.7816,22.7728,21.8068,23.008,24.8512,24.4484,24.2964,6.89686,0.18176,0.683532,19.0955,173.969,20.9194,3.11344,1.76264,
51157,2015/9/24,1.670948e+005,2.546982e+006,0,0,25.4587,25.4634,24.643,23.5101,25.2643,26.7948,27.2548,27.0659,23.2275,22.7724,22.7633,21.8054,23.0077,24.8575,24.4517,24.2925,6.93698,0.216328,0.68779,19.1305,174.349,20.7374,3.09048,1.77329,
51158,2015/9/24,1.667457e+005,2.545064e+006,0,0,25.4601,25.4668,24.6454,23.5089,25.2619,26.7912,27.2537,27.0658,23.2269,22.7734,22.764,21.8035,23.0053,24.853,24.4478,24.2907,6.91402,0.205451,0.684061,19.1018,174.266,20.8127,3.09038,1.77096,
51159,2015/9/24,1.797842e+005,2.502078e+006,0,0,25.5356,25.5853,24.745,23.5337,25.2387,26.7232,27.2437,27.0878,23.2645,22.8541,22.8345,21.822,22.9915,24.7658,24.392,24.2894,6.44749,0.0767377,0.645961,18.2965,168.957,22.7927,3.26919,1.67561,
51160,2015/9/24,1.830518e+005,2.503175e+006,0,0,25.5382,25.5892,24.7485,23.5362,25.244,26.7268,27.2473,27.0926,23.2708,22.8589,22.8404,21.8277,22.9974,24.7715,24.3987,24.2967,6.46672,0.0745664,0.651933,18.3334,168.83,22.7543,3.28813,1.67266,
51161,2015/9/24,1.680375e+005,2.545029e+006,0,0,25.4612,25.4691,24.6473,23.5098,25.264,26.7926,27.2553,27.0681,23.2297,22.7758,22.7669,21.8059,23.0079,24.8553,24.4506,24.2941,6.92305,0.202616,0.686213,19.1207,174.223,20.8028,3.09898,1.76942,
51162,2015/9/24,1.821377e+005,2.514575e+006,0,0,25.5179,25.5619,24.7242,23.527,25.2545,26.7483,27.2541,27.0927,23.2659,22.84,22.8264,21.8247,23.0061,24.8021,24.4203,24.3054,6.61288,0.0859385,0.665442,18.6277,170.392,22.1404,3.2543,1.6962,
51163,2015/9/24,1.801257e+005,2.502197e+006,0,0,25.5358,25.5856,24.7453,23.5339,25.2393,26.7236,27.2441,27.0883,23.2651,22.8546,22.8351,21.8226,22.9921,24.7664,24.3927,24.2902,6.44961,0.0765065,0.646568,18.3007,168.946,22.788,3.27109,1.67533,
51164,2015/9/24,1.666488e+005,2.541256e+006,0,0,25.4638,25.4749,24.6512,23.5075,25.258,26.7846,27.2521,27.0664,23.2271,22.777,22.7668,21.8011,23.0019,24.845,24.4414,24.2887,6.87196,0.185061,0.677934,19.0481,174.042,20.9605,3.09504,1.76534,
51165,2015/9/24,1.818700e+005,2.503719e+006,0,0,25.5356,25.5856,24.7453,23.5345,25.243,26.7273,27.2466,27.091,23.2682,22.8557,22.8372,21.8254,22.9961,24.7721,24.3982,24.2949,6.47192,0.0759345,0.650862,18.3455,169.006,22.715,3.27866,1.67562,
51166,2015/9/24,1.720642e+005,2.541971e+006,0,0,25.468,25.4825,24.6581,23.5116,25.2676,26.7914,27.2591,27.0759,23.239,22.786,22.7782,21.8117,23.0131,24.8559,24.4541,24.303,6.91562,0.17828,0.688518,19.131,173.87,20.8962,3.13083,1.75976,
51167,2015/9/24,1.686353e+005,2.543734e+006,0,0,25.463,25.4728,24.6501,23.5096,25.2637,26.791,27.2556,27.0695,23.2312,22.778,22.7692,21.8062,23.008,24.8538,24.4498,24.2951,6.91309,0.194112,0.685149,19.1119,174.13,20.8477,3.10458,1.7668,
51168,2015/9/24,1.674107e+005,2.541869e+006,0,0,25.4638,25.4748,24.6513,23.5082,25.2598,26.7865,27.2533,27.0677,23.2287,22.7777,22.7679,21.8028,23.0039,24.8477,24.4441,24.291,6.88401,0.186649,0.680112,19.0681,174.058,20.9298,3.099,1.76542,
51169,2015/9/24,1.818700e+005,2.503719e+006,0,0,25.5356,25.5856,24.7453,23.5345,25.243,26.7273,27.2466,27.091,23.2682,22.8557,22.8372,21.8254,22.9961,24.7721,24.3982,24.2949,6.47192,0.0759345,0.650862,18.3455,169.006,22.715,3.27866,1.67562,
51170,2015/9/24,1.677288e+005,2.543539e+006,0,0,25.4624,25.4717,24.6491,23.5089,25.262,26.7897,27.2544,27.0679,23.2292,22.7766,22.7673,21.8044,23.006,24.8517,24.4475,24.2926,6.90462,0.194852,0.683275,19.0963,174.15,20.8623,3.09877,1.76759,
51171,2015/9/24,1.675462e+005,2.544251e+006,0,0,25.4615,25.4699,24.6478,23.5091,25.2624,26.7907,27.2544,27.0674,23.2287,22.7756,22.7664,21.8045,23.0062,24.8528,24.4483,24.2925,6.91108,0.199163,0.684104,19.1032,174.197,20.8365,3.09665,1.76886,
51172,2015/9/24,1.766250e+005,2.511925e+006,0,0,25.5151,25.5574,24.7199,23.5231,25.2443,26.7402,27.2474,27.0842,23.2551,22.833,22.817,21.8147,22.9948,24.7894,24.4067,24.2917,6.56491,0.0886085,0.653286,18.5374,170.493,22.2532,3.2226,1.69961,
51173,2015/9/24,1.671961e+005,2.544993e+006,0,0,25.4605,25.4677,24.6461,23.5092,25.2625,26.7916,27.2543,27.0666,23.2279,22.7743,22.765,21.8043,23.0062,24.8537,24.4487,24.2919,6.91657,0.204115,0.684706,19.1077,174.249,20.8113,3.09341,1.77034,
51174,2015/9/24,1.700442e+005,2.545472e+006,0,0,25.4626,25.4715,24.6496,23.5114,25.2678,26.7955,27.258,27.0716,23.2342,22.779,22.771,21.81,23.0124,24.8598,24.4558,24.2996,6.94199,0.201193,0.690571,19.1548,174.17,20.7715,3.11239,1.76761,
51175,2015/9/24,1.777292e+005,2.497268e+006,0,0,25.5412,25.5921,24.7513,23.5358,25.2315,26.7129,27.2386,27.0842,23.262,22.8577,22.8355,21.8197,22.9845,24.7505,24.3797,24.2811,6.38346,0.0759839,0.637951,18.1621,168.455,23.0542,3.26978,1.66908,
51176,2015/9/24,1.674142e+005,2.541965e+006,0,0,25.4637,25.4746,24.6511,23.5082,25.2599,26.7867,27.2534,27.0677,23.2287,22.7776,22.7679,21.8029,23.004,24.8479,24.4442,24.291,6.8851,0.187134,0.680266,19.0695,174.064,20.926,3.09888,1.76557,
51177,2015/9/24,1.672941e+005,2.542168e+006,0,0,25.4634,25.474,24.6507,23.5082,25.2599,26.7869,27.2533,27.0674,23.2284,22.7772,22.7674,21.8028,23.0039,24.8481,24.4443,24.2908,6.88651,0.188423,0.680386,19.0707,174.081,20.9191,3.09781,1.76602,
51178,2015/9/24,1.708888e+005,2.545233e+006,0,0,25.4636,25.4735,24.6512,23.5119,25.269,26.7959,27.259,27.0732,23.2361,22.7808,22.7731,21.8115,23.0138,24.8608,24.4572,24.3017,6.94508,0.198149,0.69176,19.163,174.121,20.7757,3.1187,1.76618,
51179,2015/9/24,1.905569e+005,2.505500e+006,0,0,25.5456,25.5995,24.7582,23.5435,25.2561,26.7337,27.2547,27.1035,23.286,22.8715,22.8553,21.8418,23.011,24.783,24.4131,24.3132,6.50374,0.0700368,0.667276,18.3974,168.39,22.7138,3.33835,1.66407,
51180,2015/9/24,1.667828e+005,2.547038e+006,0,0,25.4584,25.4627,24.6425,23.5099,25.2639,26.7946,27.2544,27.0653,23.2268,22.7718,22.7626,21.8049,23.0071,24.857,24.4511,24.2916,6.93521,0.217332,0.687345,19.1263,174.361,20.7382,3.08835,1.77372,
51181,2015/9/24,1.953630e+005,2.558372e+006,0,0,25.4884,25.4974,24.6821,23.5553,25.3287,26.8334,27.2879,27.1137,23.3023,22.8306,22.8316,21.8839,23.08,24.9205,24.5298,24.374,7.21781,0.258268,0.79443,19.4717,171.963,20.473,3.38308,1.73464,
51182,2015/9/24,1.687215e+005,2.545944e+006,0,0,25.461,25.4683,24.6469,23.5107,25.2661,26.7949,27.2566,27.0691,23.2312,22.7762,22.7677,21.8078,23.0101,24.8584,24.4537,24.2963,6.93786,0.206627,0.688938,19.1423,174.246,20.7628,3.10262,1.76992,
51183,2015/9/24,1.703711e+005,2.545359e+006,0,0,25.463,25.4723,24.6503,23.5116,25.2682,26.7956,27.2584,27.0723,23.2349,22.7797,22.7718,21.8106,23.0129,24.8602,24.4563,24.3004,6.94298,0.19989,0.690993,19.1578,174.15,20.7738,3.11484,1.76703,
51184,2015/9/24,1.642018e+005,2.544648e+006,0,0,25.4584,25.4636,24.6425,23.5072,25.2572,26.7875,27.2501,27.0612,23.2213,22.7695,22.7588,21.7985,22.9998,24.8472,24.4414,24.2837,6.89039,0.208364,0.679329,19.0562,174.307,20.8548,3.07493,1.77306,
51185,2015/9/24,1.670485e+005,2.540456e+006,0,0,25.465,25.4772,24.653,23.5076,25.2578,26.7837,27.2523,27.0673,23.2281,22.7785,22.7683,21.8015,23.002,24.8441,24.4409,24.2893,6.86585,0.180329,0.677353,19.0419,173.975,20.9885,3.09882,1.76364,
51186,2015/9/24,1.682126e+005,2.544359e+006,0,0,25.462,25.4708,24.6486,23.5096,25.2636,26.7916,27.2553,27.0686,23.2302,22.7767,22.7677,21.8058,23.0077,24.8543,24.4499,24.2943,6.917,0.198433,0.685426,19.1144,174.181,20.8269,3.10096,1.76824,
51187,2015/9/24,1.667159e+005,2.542324e+006,0,0,25.4627,25.4727,24.6496,23.5079,25.2591,26.7865,27.2526,27.0663,23.2271,22.776,22.7661,21.8018,23.0029,24.8474,24.4433,24.2894,6.88416,0.19039,0.679685,19.0645,174.109,20.9181,3.09387,1.76691,
51188,2015/9/24,1.690672e+005,2.544503e+006,0,0,25.4626,25.4719,24.6496,23.5102,25.2652,26.7928,27.2565,27.0701,23.2321,22.7781,22.7695,21.8075,23.0095,24.8561,24.452,24.2966,6.92457,0.197546,0.68717,19.1284,174.157,20.815,3.10661,1.76742,
51189,2015/9/24,1.660437e+005,2.563341e+006,0,0,25.4505,25.4296,24.6221,23.5274,25.2795,26.8201,27.2576,27.0582,23.2271,22.7621,22.7531,21.8216,23.0206,24.8844,24.4737,24.294,7.07916,0.361046,0.716117,19.2016,174.409,20.186,3.07861,1.79196,
51190,2015/9/24,1.713921e+005,2.545270e+006,0,0,25.4641,25.4743,24.652,23.5123,25.2699,26.7965,27.2596,27.0741,23.2373,22.7817,22.7742,21.8125,23.0149,24.8618,24.4584,24.303,6.94886,0.197395,0.692793,19.1701,174.099,20.7716,3.12234,1.76557,
51191,2015/9/24,1.711561e+005,2.545801e+006,0,0,25.4634,25.4728,24.6508,23.5124,25.27,26.7972,27.2595,27.0736,23.2367,22.7808,22.7733,21.8124,23.0149,24.8625,24.4587,24.3027,6.9532,0.200956,0.693248,19.174,174.138,20.7527,3.1201,1.76664,
51192,2015/9/24,1.670741e+005,2.543017e+006,0,0,25.4623,25.4718,24.649,23.5083,25.2604,26.7881,27.2533,27.0668,23.2278,22.7759,22.7663,21.8029,23.0042,24.8494,24.4452,24.2906,6.89427,0.193337,0.681352,19.0795,174.141,20.8881,3.09519,1.76756,
51193,2015/9/24,1.670934e+005,2.545099e+006,0,0,25.4604,25.4673,24.6458,23.5092,25.2625,26.7917,27.2542,27.0664,23.2276,22.774,22.7647,21.8041,23.0061,24.8537,24.4486,24.2916,6.91696,0.204943,0.684704,19.1075,174.258,20.8082,3.09261,1.77062,
51194,2015/9/24,1.670586e+005,2.544160e+006,0,0,25.4612,25.4693,24.6472,23.5087,25.2615,26.79,27.2538,27.0665,23.2276,22.7748,22.7654,21.8035,23.0052,24.8517,24.447,24.2911,6.90658,0.19964,0.683136,19.0948,174.208,20.8443,3.09356,1.76928,
51195,2015/9/24,1.822261e+005,2.505292e+006,0,0,25.5334,25.5828,24.7428,23.5336,25.2451,26.7305,27.248,27.0917,23.2685,22.854,22.8363,21.8258,22.998,24.7768,24.4018,24.2971,6.4927,0.0767101,0.653337,18.388,169.185,22.6312,3.27708,1.67813,
51196,2015/9/24,1.659096e+005,2.549751e+006,0,0,25.4555,25.4556,24.6374,23.5111,25.2651,26.798,27.2542,27.0629,23.2248,22.7681,22.7588,21.8053,23.0077,24.8605,24.4533,24.2903,6.95624,0.237216,0.690392,19.1409,174.488,20.6472,3.07994,1.77833,
51197,2015/9/24,1.666380e+005,2.540729e+006,0,0,25.4643,25.476,24.652,23.5074,25.2574,26.7837,27.2519,27.0665,23.2272,22.7775,22.7672,21.8009,23.0014,24.8439,24.4405,24.2884,6.86606,0.182466,0.677113,19.0402,174.007,20.9814,3.0958,1.76453,
51198,2015/9/24,1.727892e+005,2.546144e+006,0,0,25.4647,25.4749,24.6528,23.5139,25.2731,26.7993,27.2616,27.0764,23.2404,22.7836,22.7768,21.8159,23.0185,24.866,24.4628,24.3072,6.96784,0.199869,0.6971,19.1994,174.075,20.7322,3.13206,1.76492,
51199,2015/9/24,1.671625e+005,2.548021e+006,0,0,25.4579,25.4613,24.6416,23.5108,25.2655,26.7966,27.2553,27.0658,23.2276,22.7716,22.7628,21.8063,23.0088,24.8596,24.4535,24.2931,6.94839,0.222844,0.689646,19.1433,174.392,20.6983,3.08989,1.77464,
51200,2015/9/24,1.670391e+005,2.542549e+006,0,0,25.4628,25.4727,24.6497,23.5081,25.2599,26.7873,27.2531,27.0669,23.2278,22.7763,22.7666,21.8025,23.0037,24.8484,24.4444,24.2903,6.8889,0.190919,0.680561,19.0725,174.113,20.9065,3.09562,1.76689,
51201,2015/9/24,1.673096e+005,2.545880e+006,0,0,25.4598,25.466,24.6449,23.5097,25.2636,26.7932,27.2547,27.0666,23.228,22.7737,22.7646,21.8051,23.0072,24.8557,24.4504,24.2926,6.92691,0.209121,0.686345,19.1206,174.291,20.7767,3.09312,1.77149,
51202,2015/9/24,1.832607e+005,2.514635e+006,0,0,25.5194,25.564,24.7262,23.5282,25.2561,26.7489,27.2551,27.0943,23.2682,22.8423,22.8289,21.8268,23.008,24.8032,24.4221,24.3077,6.61602,0.0848602,0.667467,18.6325,170.299,22.1453,3.26251,1.69444,
51203,2015/9/24,1.690829e+005,2.543389e+006,0,0,25.4637,25.4743,24.6513,23.5098,25.2641,26.7909,27.256,27.0704,23.2322,22.7792,22.7704,21.8068,23.0085,24.8538,24.4502,24.2961,6.91234,0.191351,0.685377,19.1133,174.092,20.8578,3.10806,1.76575,
51204,2015/9/24,1.662744e+005,2.532532e+006,0,0,25.4737,25.4934,24.6654,23.5066,25.249,26.7692,27.2478,27.0672,23.228,22.7862,22.7738,21.7973,22.9939,24.8255,24.4259,24.2832,6.77093,0.148967,0.664812,18.898,173.358,21.3207,3.10882,1.75135,
51205,2015/9/24,1.709956e+005,2.541447e+006,0,0,25.4675,25.4818,24.6573,23.5106,25.2653,26.7895,27.2576,27.0741,23.2366,22.7846,22.7762,21.8094,23.0106,24.8531,24.451,24.3,6.90293,0.177637,0.685667,19.1098,173.887,20.9219,3.12382,1.76037,
51206,2015/9/24,1.663602e+005,2.545677e+006,0,0,25.4592,25.4649,24.6439,23.509,25.2618,26.7918,27.2534,27.0649,23.226,22.7722,22.7627,21.8032,23.0051,24.8535,24.4479,24.2899,6.91767,0.209866,0.684405,19.1035,174.309,20.7931,3.08713,1.77227,
51207,2015/9/24,1.752938e+005,2.545966e+006,0,0,25.4674,25.4798,24.6572,23.516,25.2772,26.8013,27.2645,27.0809,23.2462,22.7887,22.7828,21.8209,23.0234,24.8697,24.4678,24.3136,6.98145,0.194167,0.70208,19.2263,173.922,20.7325,3.15196,1.76105,
51208,2015/9/24,1.670517e+005,2.545431e+006,0,0,25.46,25.4666,24.6453,23.5093,25.2627,26.7922,27.2542,27.0662,23.2275,22.7736,22.7644,21.8043,23.0063,24.8543,24.4491,24.2917,6.92021,0.206976,0.685171,19.1111,174.276,20.796,3.09194,1.77114,
51209,2015/9/24,1.695969e+005,2.544968e+006,0,0,25.4627,25.4718,24.6497,23.5108,25.2665,26.7941,27.2573,27.0709,23.2332,22.7786,22.7704,21.8088,23.011,24.858,24.454,24.2982,6.93335,0.199148,0.688899,19.142,174.162,20.7936,3.10976,1.76744,
51210,2015/9/24,1.707734e+005,2.546350e+006,0,0,25.4625,25.4709,24.6494,23.5124,25.2699,26.7977,27.2593,27.0728,23.2358,22.7796,22.772,21.8121,23.0146,24.8629,24.4588,24.302,6.95668,0.204994,0.693455,19.176,174.183,20.734,3.1168,1.76792,
51211,2015/9/24,1.697751e+005,2.541668e+006,0,0,25.4661,25.4792,24.6551,23.5098,25.2635,26.7887,27.2562,27.0719,23.2339,22.7821,22.7733,21.8072,23.0084,24.8514,24.4488,24.297,6.89764,0.181039,0.683829,19.0976,173.956,20.9203,3.11504,1.76227,
51212,2015/9/24,1.719305e+005,2.545614e+006,0,0,25.4643,25.4745,24.6523,23.5129,25.2711,26.7976,27.2604,27.075,23.2385,22.7824,22.7752,21.8138,23.0163,24.8634,24.4601,24.3046,6.95627,0.198364,0.694442,19.1816,174.092,20.7559,3.12601,1.76534,
51213,2015/9/24,1.696987e+005,2.547825e+006,0,0,25.4602,25.466,24.6456,23.5124,25.2696,26.7991,27.2585,27.0705,23.2333,22.7764,22.7686,21.8111,23.0138,24.864,24.4589,24.2998,6.96516,0.216347,0.693949,19.179,174.295,20.6855,3.10773,1.77134,
51214,2015/9/24,1.954947e+005,2.558737e+006,0,0,25.4886,25.4971,24.6821,23.5562,25.3295,26.834,27.2881,27.1139,23.3029,22.831,22.832,21.8849,23.0808,24.9214,24.5308,24.3747,7.22241,0.261737,0.79612,19.4738,171.931,20.4639,3.38609,1.73457,
51215,2015/9/24,1.744629e+005,2.544629e+006,0,0,25.4678,25.4811,24.6578,23.5146,25.2743,26.7982,27.263,27.0797,23.2443,22.7882,22.7818,21.8182,23.0204,24.8655,24.4637,24.3106,6.96099,0.188005,0.697881,19.1983,173.9,20.7851,3.14629,1.76037,
51216,2015/9/24,1.669512e+005,2.545787e+006,0,0,25.4596,25.4656,24.6446,23.5094,25.2629,26.7926,27.2542,27.066,23.2273,22.7732,22.7639,21.8043,23.0064,24.8548,24.4494,24.2916,6.92326,0.209299,0.685579,19.114,174.297,20.7835,3.09086,1.77177,
51217,2015/9/24,1.712426e+005,2.546684e+006,0,0,25.4627,25.4711,24.6496,23.5129,25.2711,26.7988,27.26,27.0735,23.2369,22.7802,22.7729,21.8132,23.0159,24.8644,24.4604,24.3034,6.96357,0.206112,0.694949,19.1865,174.178,20.7188,3.11996,1.76778,
51218,2015/9/24,1.694217e+005,2.546413e+006,0,0,25.4612,25.4685,24.6473,23.5114,25.2677,26.7964,27.2576,27.0703,23.2327,22.777,22.7689,21.8095,23.012,24.8606,24.456,24.2984,6.94794,0.208055,0.691007,19.1581,174.243,20.7401,3.10703,1.76973,
51219,2015/9/24,1.703711e+005,2.545359e+006,0,0,25.463,25.4723,24.6503,23.5116,25.2682,26.7956,27.2584,27.0723,23.2349,22.7797,22.7718,21.8106,23.0129,24.8602,24.4563,24.3004,6.94298,0.19989,0.690993,19.1578,174.15,20.7738,3.11484,1.76703,
51220,2015/9/24,1.686935e+005,2.543837e+006,0,0,25.4629,25.4727,24.6501,23.5097,25.2639,26.7913,27.2557,27.0696,23.2313,22.778,22.7692,21.8064,23.0082,24.8541,24.4501,24.2953,6.91463,0.194567,0.685419,19.1141,174.134,20.8433,3.10485,1.76689,
51221,2015/9/24,1.665659e+005,2.541157e+006,0,0,25.4638,25.4749,24.6512,23.5074,25.2577,26.7844,27.252,27.0663,23.2269,22.7769,22.7667,21.8009,23.0016,24.8447,24.441,24.2884,6.87029,0.184729,0.677651,19.0455,174.038,20.9651,3.09467,1.76528,
51222,2015/9/24,1.706731e+005,2.546133e+006,0,0,25.4626,25.4712,24.6496,23.5122,25.2696,26.7972,27.2591,27.0726,23.2356,22.7796,22.772,21.8117,23.0142,24.8623,24.4583,24.3016,6.9536,0.20388,0.692888,19.1719,174.177,20.7427,3.11627,1.76775,
51223,2015/9/24,1.691436e+005,2.546532e+006,0,0,25.4608,25.4678,24.6467,23.5113,25.2674,26.7963,27.2573,27.0698,23.2321,22.7764,22.7682,21.809,23.0115,24.8604,24.4556,24.2977,6.94724,0.209338,0.690694,19.1556,174.259,20.7376,3.10496,1.77024,
51224,2015/9/24,1.670770e+005,2.544779e+006,0,0,25.4606,25.468,24.6463,23.509,25.2621,26.7911,27.254,27.0664,23.2276,22.7743,22.7649,21.8039,23.0058,24.853,24.4481,24.2915,6.91339,0.203121,0.684159,19.1032,174.241,20.8205,3.0929,1.77017,
51225,2015/9/24,1.692381e+005,2.546258e+006,0,0,25.4612,25.4685,24.6472,23.5112,25.2673,26.796,27.2573,27.07,23.2323,22.7768,22.7686,21.809,23.0114,24.86,24.4553,24.2979,6.94495,0.20748,0.690405,19.1536,174.242,20.7472,3.1059,1.76974,
51226,2015/9/24,1.722417e+005,2.545002e+006,0,0,25.4652,25.4764,24.6537,23.5129,25.271,26.7968,27.2605,27.0757,23.2392,22.7835,22.7764,21.814,23.0163,24.8627,24.4597,24.3051,6.95141,0.194235,0.693998,19.1772,174.043,20.7779,3.1289,1.76404,
51227,2015/9/24,1.804760e+005,2.506510e+006,0,0,25.529,25.5767,24.7372,23.5308,25.244,26.732,27.2473,27.0893,23.2645,22.8486,22.8312,21.8224,22.9963,24.7786,24.4018,24.2948,6.5052,0.0792584,0.652247,18.4153,169.494,22.5535,3.26206,1.68327,
51228,2015/9/24,1.680327e+005,2.544176e+006,0,0,25.462,25.4709,24.6486,23.5094,25.2631,26.7911,27.255,27.0683,23.2298,22.7765,22.7675,21.8053,23.0071,24.8536,24.4492,24.2937,6.91373,0.197766,0.684818,19.1093,174.177,20.8354,3.09997,1.76818,
51229,2015/9/24,1.702040e+005,2.544935e+006,0,0,25.4633,25.473,24.6507,23.5113,25.2675,26.7947,27.258,27.072,23.2346,22.7798,22.7718,21.81,23.0122,24.859,24.4552,24.2998,6.93714,0.197765,0.689964,19.1499,174.135,20.791,3.11409,1.76663,
51230,2015/9/24,1.671455e+005,2.540541e+006,0,0,25.465,25.4772,24.653,23.5077,25.2581,26.784,27.2524,27.0675,23.2283,22.7786,22.7685,21.8017,23.0022,24.8444,24.4413,24.2896,6.86745,0.180551,0.677638,19.0446,173.978,20.9843,3.0993,1.76366,
51231,2015/9/24,1.697963e+005,2.546162e+006,0,0,25.4618,25.4696,24.6482,23.5115,25.2681,26.7964,27.258,27.071,23.2336,22.7779,22.77,21.81,23.0125,24.8608,24.4564,24.2993,6.94785,0.205788,0.691278,19.1603,174.215,20.747,3.10993,1.76891,
51232,2015/9/24,1.706266e+005,2.547308e+006,0,0,25.4615,25.4687,24.6478,23.5128,25.2707,26.7992,27.2595,27.0723,23.2355,22.7785,22.7711,21.8125,23.0152,24.8646,24.4601,24.302,6.96616,0.211198,0.694833,19.1859,174.234,20.6989,3.1149,1.76945,
51233,2015/9/24,1.718621e+005,2.541165e+006,0,0,25.4687,25.4839,24.6591,23.5112,25.2664,26.7898,27.2585,27.0757,23.2386,22.7865,22.7784,21.8109,23.012,24.8539,24.4523,24.302,6.90504,0.174649,0.686809,19.116,173.825,20.9289,3.13036,1.75879,
51234,2015/9/24,1.836488e+005,2.514140e+006,0,0,25.5207,25.5659,24.7278,23.529,25.2561,26.7481,27.2551,27.0948,23.2692,22.8438,22.8303,21.8276,23.0081,24.8023,24.4217,24.3081,6.61029,0.0838545,0.667446,18.621,170.202,22.1736,3.2665,1.69285,
51235,2015/9/24,1.651132e+005,2.544073e+006,0,0,25.4597,25.4663,24.6446,23.5075,25.2582,26.7876,27.2512,27.063,23.2234,22.7715,22.7612,21.7999,23.0012,24.8479,24.4425,24.2859,6.8913,0.203163,0.679847,19.0637,174.256,20.8666,3.08131,1.77128,
51236,2015/9/24,1.685376e+005,2.543577e+006,0,0,25.4631,25.473,24.6502,23.5095,25.2634,26.7907,27.2554,27.0693,23.231,22.778,22.7691,21.8059,23.0076,24.8533,24.4493,24.2947,6.91069,0.193449,0.684726,19.1084,174.124,20.8545,3.10412,1.76669,
51237,2015/9/24,1.695395e+005,2.545631e+006,0,0,25.462,25.4703,24.6486,23.5111,25.2671,26.7952,27.2575,27.0707,23.233,22.7779,22.7698,21.8092,23.0115,24.8593,24.4549,24.2984,6.94024,0.203129,0.689904,19.1499,174.199,20.7688,3.10865,1.76847,
51238,2015/9/24,1.679511e+005,2.543505e+006,0,0,25.4626,25.4722,24.6495,23.5091,25.2623,26.7899,27.2547,27.0683,23.2297,22.777,22.7678,21.8048,23.0064,24.852,24.4479,24.2932,6.9058,0.19422,0.683598,19.099,174.141,20.8618,3.10028,1.76728,
51239,2015/9/24,1.679707e+005,2.543453e+006,0,0,25.4627,25.4723,24.6496,23.5091,25.2623,26.7898,27.2547,27.0683,23.2297,22.7771,22.7679,21.8048,23.0064,24.852,24.4479,24.2932,6.90537,0.193898,0.683549,19.0986,174.137,20.8637,3.10048,1.76718,
51240,2015/9/24,1.699068e+005,2.543340e+006,0,0,25.4645,25.4758,24.6527,23.5104,25.2654,26.7917,27.257,27.0718,23.234,22.7807,22.7723,21.8084,23.0101,24.8552,24.4519,24.2982,6.91735,0.189484,0.686772,19.1238,174.056,20.8542,3.1138,1.76465,
51241,2015/9/24,1.611895e+005,2.551196e+006,0,0,25.4511,25.4452,24.629,23.5097,25.2583,26.7943,27.2479,27.0535,23.2142,22.759,22.7476,21.7978,22.999,24.8533,24.4441,24.2776,6.92998,0.258271,0.685252,19.0688,174.597,20.6547,3.04922,1.78478,
51242,2015/9/24,1.799562e+005,2.503853e+006,0,0,25.5328,25.5816,24.7417,23.5324,25.2407,26.7267,27.2451,27.0882,23.2643,22.8517,22.8329,21.8219,22.9933,24.7708,24.3958,24.2913,6.47031,0.0777427,0.648283,18.3439,169.182,22.6954,3.26555,1.67885,
51243,2015/9/24,1.681740e+005,2.544080e+006,0,0,25.4623,25.4713,24.6489,23.5094,25.2633,26.7911,27.2552,27.0686,23.2301,22.7769,22.7679,21.8055,23.0073,24.8536,24.4494,24.294,6.91367,0.196943,0.684906,19.1101,174.166,20.838,3.10104,1.76787,
51244,2015/9/24,1.671085e+005,2.544927e+006,0,0,25.4605,25.4677,24.6461,23.5091,25.2623,26.7914,27.2541,27.0664,23.2277,22.7742,22.7649,21.8041,23.006,24.8534,24.4484,24.2916,6.91522,0.203913,0.684451,19.1055,174.248,20.8146,3.09292,1.77035,
51245,2015/9/24,1.700291e+005,2.543104e+006,0,0,25.4649,25.4766,24.6532,23.5104,25.2654,26.7914,27.2571,27.0721,23.2343,22.7812,22.7728,21.8085,23.0102,24.8549,24.4518,24.2984,6.91552,0.187987,0.686607,19.1221,174.036,20.8625,3.11494,1.76414,
51246,2015/9/24,1.675719e+005,2.544439e+006,0,0,25.4614,25.4695,24.6475,23.5092,25.2626,26.7911,27.2545,27.0674,23.2287,22.7755,22.7663,21.8046,23.0065,24.8533,24.4486,24.2926,6.91331,0.200175,0.684451,19.1061,174.207,20.8291,3.09658,1.7691,
51247,2015/9/24,1.692674e+005,2.534409e+006,0,0,25.4741,25.4942,24.6664,23.5085,25.2555,26.7755,27.2523,27.0721,23.2339,22.7891,22.7784,21.8032,23.0011,24.8347,24.4353,24.2916,6.81064,0.150413,0.671941,18.97,173.413,21.2188,3.12347,1.75109,
51248,2015/9/24,1.701587e+005,2.546522e+006,0,0,25.4618,25.4695,24.6482,23.512,25.2691,26.7974,27.2586,27.0716,23.2344,22.7783,22.7705,21.811,23.0136,24.8622,24.4578,24.3004,6.95432,0.207253,0.692575,19.1698,174.218,20.7312,3.11218,1.76896,
51249,2015/9/24,1.827102e+005,2.505165e+006,0,0,25.5343,25.5841,24.7439,23.5342,25.2456,26.7305,27.2483,27.0924,23.2695,22.8552,22.8375,21.8267,22.9986,24.7768,24.4023,24.2979,6.49183,0.0761885,0.653909,18.3857,169.126,22.6418,3.28075,1.6771,
51250,2015/9/24,1.699068e+005,2.543340e+006,0,0,25.4645,25.4758,24.6527,23.5104,25.2654,26.7917,27.257,27.0718,23.234,22.7807,22.7723,21.8084,23.0101,24.8552,24.4519,24.2982,6.91735,0.189484,0.686772,19.1238,174.056,20.8542,3.1138,1.76465,
51251,2015/9/24,1.695097e+005,2.541950e+006,0,0,25.4656,25.4782,24.6542,23.5097,25.2633,26.7889,27.256,27.0714,23.2333,22.7813,22.7725,21.8068,23.0081,24.8516,24.4487,24.2964,6.89909,0.182976,0.683813,19.0983,173.985,20.9109,3.11284,1.76304,
51252,2015/9/24,2.941701e+005,2.785895e+006,0,0,27.805,27.5148,27.1643,25.8745,25.4609,26.9166,27.8593,27.5831,24.6367,25.1312,24.6895,23.8057,23.3087,24.3464,24.591,24.4165,1.28933,4.90915,0.82038,0.241407,40.8612,54.5547,3.45562,0.698711,
51253,2015/9/24,1.781873e+005,2.504880e+006,0,0,25.5288,25.576,24.7366,23.5298,25.2394,26.7277,27.2442,27.0858,23.2604,22.8466,22.828,21.8186,22.9914,24.772,24.3953,24.2888,6.47974,0.080158,0.647042,18.3647,169.457,22.6309,3.25135,1.68352,
51254,2015/9/24,1.667579e+005,2.545781e+006,0,0,25.4595,25.4653,24.6443,23.5093,25.2626,26.7924,27.254,27.0656,23.2268,22.7728,22.7635,21.804,23.006,24.8544,24.449,24.291,6.92175,0.209664,0.685242,19.1109,174.303,20.7855,3.08959,1.77198,
51255,2015/9/24,1.663829e+005,2.540581e+006,0,0,25.4643,25.4759,24.6519,23.5072,25.2569,26.7832,27.2515,27.0661,23.2266,22.7772,22.7668,21.8003,23.0008,24.8431,24.4397,24.2877,6.86265,0.182247,0.676488,19.0342,174.004,20.9896,3.09443,1.76458,
51256,2015/9/24,1.712770e+005,2.543962e+006,0,0,25.4652,25.4769,24.6538,23.5117,25.2683,26.7941,27.259,27.0742,23.2371,22.7827,22.7749,21.8114,23.0134,24.8589,24.4559,24.3021,6.93339,0.190239,0.690349,19.1506,174.032,20.8223,3.12284,1.76381,
51257,2015/9/24,1.692209e+005,2.541053e+006,0,0,25.4663,25.4796,24.6552,23.5092,25.262,26.787,27.2553,27.071,23.2327,22.7817,22.7726,21.8058,23.0067,24.8492,24.4466,24.2952,6.88706,0.17904,0.681886,19.0809,173.937,20.9481,3.11212,1.76201,
51258,2015/9/24,1.719074e+005,2.545065e+006,0,0,25.4648,25.4756,24.6531,23.5126,25.2705,26.7966,27.2602,27.0751,23.2384,22.7829,22.7755,21.8134,23.0157,24.8622,24.4591,24.3043,6.94994,0.195227,0.693446,19.1739,174.064,20.777,3.12634,1.76459,
51259,2015/9/24,1.663736e+005,2.545804e+006,0,0,25.4591,25.4647,24.6437,23.509,25.262,26.792,27.2535,27.0649,23.226,22.7721,22.7626,21.8033,23.0052,24.8538,24.4482,24.29,6.91912,0.210603,0.684634,19.1053,174.315,20.7882,3.08706,1.77244,
51260,2015/9/24,1.673237e+005,2.544938e+006,0,0,25.4607,25.4681,24.6464,23.5092,25.2627,26.7916,27.2544,27.0668,23.2281,22.7746,22.7653,21.8045,23.0064,24.8538,24.4489,24.2922,6.91691,0.203538,0.684835,19.1089,174.242,20.8122,3.09432,1.77012,
51261,2015/9/24,1.734622e+005,2.548122e+006,0,0,25.4636,25.472,24.651,23.5156,25.2764,26.8034,27.2632,27.0772,23.242,22.7833,22.7771,21.8188,23.0218,24.8712,24.4676,24.31,6.99438,0.210885,0.702074,19.2327,174.13,20.6557,3.13595,1.76671,
51262,2015/9/24,1.691237e+005,2.544040e+006,0,0,25.4631,25.473,24.6504,23.5101,25.2648,26.7921,27.2563,27.0703,23.2322,22.7786,22.77,21.8073,23.0092,24.8553,24.4514,24.2965,6.91984,0.194837,0.68651,19.1229,174.129,20.8324,3.10754,1.76667,
